# cap on oblate lens A=7 C=1.5 R=6.894 targetEdge=0.3 tearRing=14 r=5.09 stitches=107 central=846
v 0.000000 0.000000 1.500000
v 0.407014 0.000000 1.497462
v 0.311791 0.261623 1.497462
v 0.070677 0.400830 1.497462
v -0.203507 0.352484 1.497462
v -0.382468 0.139207 1.497462
v -0.382468 -0.139207 1.497462
v -0.203507 -0.352484 1.497462
v 0.070677 -0.400830 1.497462
v 0.311791 -0.261623 1.497462
v 0.812650 0.000000 1.489858
v 0.757774 0.293563 1.489858
v 0.600556 0.547479 1.489858
v 0.362229 0.727455 1.489858
v 0.074982 0.809184 1.489858
v -0.222392 0.781628 1.489858
v -0.489731 0.648509 1.489858
v -0.690929 0.427805 1.489858
v -0.798813 0.149324 1.489858
v -0.798813 -0.149324 1.489858
v -0.690929 -0.427805 1.489858
v -0.489731 -0.648509 1.489858
v -0.222392 -0.781628 1.489858
v 0.074982 -0.809184 1.489858
v 0.362229 -0.727455 1.489858
v 0.600556 -0.547479 1.489858
v 0.757774 -0.293563 1.489858
v 1.215537 0.000000 1.477212
v 1.177349 0.302292 1.477212
v 1.065183 0.585590 1.477212
v 0.886089 0.832093 1.477212
v 0.651317 1.026312 1.477212
v 0.375622 1.156045 1.477212
v 0.076324 1.213139 1.477212
v -0.227769 1.194007 1.477212
v -0.517551 1.099851 1.477212
v -0.774813 0.936588 1.477212
v -0.983390 0.714475 1.477212
v -1.130178 0.447469 1.477212
v -1.205952 0.152347 1.477212
v -1.205952 -0.152347 1.477212
v -1.130178 -0.447469 1.477212
v -0.983390 -0.714475 1.477212
v -0.774813 -0.936588 1.477212
v -0.517551 -1.099851 1.477212
v -0.227769 -1.194007 1.477212
v 0.076324 -1.213139 1.477212
v 0.375622 -1.156045 1.477212
v 0.651317 -1.026312 1.477212
v 0.886089 -0.832093 1.477212
v 1.065183 -0.585590 1.477212
v 1.177349 -0.302292 1.477212
v 1.614311 0.000000 1.459567
v 1.586824 0.296629 1.459567
v 1.505300 0.583156 1.459567
v 1.372515 0.849825 1.459567
v 1.192990 1.087554 1.459567
v 0.972840 1.288248 1.459567
v 0.719560 1.445072 1.459567
v 0.441777 1.552686 1.459567
v 0.148950 1.607425 1.459567
v -0.148950 1.607425 1.459567
v -0.441777 1.552686 1.459567
v -0.719560 1.445072 1.459567
v -0.972840 1.288248 1.459567
v -1.192990 1.087554 1.459567
v -1.372515 0.849825 1.459567
v -1.505300 0.583156 1.459567
v -1.586824 0.296629 1.459567
v -1.614311 0.000000 1.459567
v -1.586824 -0.296629 1.459567
v -1.505300 -0.583156 1.459567
v -1.372515 -0.849825 1.459567
v -1.192990 -1.087554 1.459567
v -0.972840 -1.288248 1.459567
v -0.719560 -1.445072 1.459567
v -0.441777 -1.552686 1.459567
v -0.148950 -1.607425 1.459567
v 0.148950 -1.607425 1.459567
v 0.441777 -1.552686 1.459567
v 0.719560 -1.445072 1.459567
v 0.972840 -1.288248 1.459567
v 1.192990 -1.087554 1.459567
v 1.372515 -0.849825 1.459567
v 1.505300 -0.583156 1.459567
v 1.586824 -0.296629 1.459567
v 2.007623 0.000000 1.436984
v 1.985199 0.299221 1.436984
v 1.918430 0.591757 1.436984
v 1.808805 0.871075 1.436984
v 1.658776 1.130934 1.436984
v 1.471692 1.365530 1.436984
v 1.251732 1.569623 1.436984
v 1.003811 1.738652 1.436984
v 0.733467 1.868843 1.436984
v 0.446738 1.957287 1.436984
v 0.150030 2.002009 1.436984
v -0.150030 2.002009 1.436984
v -0.446738 1.957287 1.436984
v -0.733467 1.868843 1.436984
v -1.003811 1.738652 1.436984
v -1.251732 1.569623 1.436984
v -1.471692 1.365530 1.436984
v -1.658776 1.130934 1.436984
v -1.808805 0.871075 1.436984
v -1.918430 0.591757 1.436984
v -1.985199 0.299221 1.436984
v -2.007623 0.000000 1.436984
v -1.985199 -0.299221 1.436984
v -1.918430 -0.591757 1.436984
v -1.808805 -0.871075 1.436984
v -1.658776 -1.130934 1.436984
v -1.471692 -1.365530 1.436984
v -1.251732 -1.569623 1.436984
v -1.003811 -1.738652 1.436984
v -0.733467 -1.868843 1.436984
v -0.446738 -1.957287 1.436984
v -0.150030 -2.002009 1.436984
v 0.150030 -2.002009 1.436984
v 0.446738 -1.957287 1.436984
v 0.733467 -1.868843 1.436984
v 1.003811 -1.738652 1.436984
v 1.251732 -1.569623 1.436984
v 1.471692 -1.365530 1.436984
v 1.658776 -1.130934 1.436984
v 1.808805 -0.871075 1.436984
v 1.918430 -0.591757 1.436984
v 1.985199 -0.299221 1.436984
v 2.394141 0.000000 1.409539
v 2.375262 0.300065 1.409539
v 2.318925 0.595399 1.409539
v 2.226016 0.881342 1.409539
v 2.098002 1.153386 1.409539
v 1.936901 1.407241 1.409539
v 1.745254 1.638902 1.409539
v 1.526083 1.844717 1.409539
v 1.282845 2.021440 1.409539
v 1.019376 2.166284 1.409539
v 0.739830 2.276963 1.409539
v 0.448617 2.351734 1.409539
v 0.150329 2.389417 1.409539
v -0.150329 2.389417 1.409539
v -0.448617 2.351734 1.409539
v -0.739830 2.276963 1.409539
v -1.019376 2.166284 1.409539
v -1.282845 2.021440 1.409539
v -1.526083 1.844717 1.409539
v -1.745254 1.638902 1.409539
v -1.936901 1.407241 1.409539
v -2.098002 1.153386 1.409539
v -2.226016 0.881342 1.409539
v -2.318925 0.595399 1.409539
v -2.375262 0.300065 1.409539
v -2.394141 0.000000 1.409539
v -2.375262 -0.300065 1.409539
v -2.318925 -0.595399 1.409539
v -2.226016 -0.881342 1.409539
v -2.098002 -1.153386 1.409539
v -1.936901 -1.407241 1.409539
v -1.745254 -1.638902 1.409539
v -1.526083 -1.844717 1.409539
v -1.282845 -2.021440 1.409539
v -1.019376 -2.166284 1.409539
v -0.739830 -2.276963 1.409539
v -0.448617 -2.351734 1.409539
v -0.150329 -2.389417 1.409539
v 0.150329 -2.389417 1.409539
v 0.448617 -2.351734 1.409539
v 0.739830 -2.276963 1.409539
v 1.019376 -2.166284 1.409539
v 1.282845 -2.021440 1.409539
v 1.526083 -1.844717 1.409539
v 1.745254 -1.638902 1.409539
v 1.936901 -1.407241 1.409539
v 2.098002 -1.153386 1.409539
v 2.226016 -0.881342 1.409539
v 2.318925 -0.595399 1.409539
v 2.375262 -0.300065 1.409539
v 2.772558 0.000000 1.377324
v 2.756306 0.299766 1.377324
v 2.707737 0.596018 1.377324
v 2.627424 0.885282 1.377324
v 2.516306 1.164167 1.377324
v 2.375687 1.429403 1.377324
v 2.207214 1.677881 1.377324
v 2.012865 1.906687 1.377324
v 1.794916 2.113139 1.377324
v 1.555924 2.294816 1.377324
v 1.298690 2.449589 1.377324
v 1.026230 2.575642 1.377324
v 0.741738 2.671499 1.377324
v 0.448550 2.736034 1.377324
v 0.150103 2.768492 1.377324
v -0.150103 2.768492 1.377324
v -0.448550 2.736034 1.377324
v -0.741738 2.671499 1.377324
v -1.026230 2.575642 1.377324
v -1.298690 2.449589 1.377324
v -1.555924 2.294816 1.377324
v -1.794916 2.113139 1.377324
v -2.012865 1.906687 1.377324
v -2.207214 1.677881 1.377324
v -2.375687 1.429403 1.377324
v -2.516306 1.164167 1.377324
v -2.627424 0.885282 1.377324
v -2.707737 0.596018 1.377324
v -2.756306 0.299766 1.377324
v -2.772558 0.000000 1.377324
v -2.756306 -0.299766 1.377324
v -2.707737 -0.596018 1.377324
v -2.627424 -0.885282 1.377324
v -2.516306 -1.164167 1.377324
v -2.375687 -1.429403 1.377324
v -2.207214 -1.677881 1.377324
v -2.012865 -1.906687 1.377324
v -1.794916 -2.113139 1.377324
v -1.555924 -2.294816 1.377324
v -1.298690 -2.449589 1.377324
v -1.026230 -2.575642 1.377324
v -0.741738 -2.671499 1.377324
v -0.448550 -2.736034 1.377324
v -0.150103 -2.768492 1.377324
v 0.150103 -2.768492 1.377324
v 0.448550 -2.736034 1.377324
v 0.741738 -2.671499 1.377324
v 1.026230 -2.575642 1.377324
v 1.298690 -2.449589 1.377324
v 1.555924 -2.294816 1.377324
v 1.794916 -2.113139 1.377324
v 2.012865 -1.906687 1.377324
v 2.207214 -1.677881 1.377324
v 2.375687 -1.429403 1.377324
v 2.516306 -1.164167 1.377324
v 2.627424 -0.885282 1.377324
v 2.707737 -0.596018 1.377324
v 2.756306 -0.299766 1.377324
v 3.141594 0.000000 1.340449
v 3.127369 0.298628 1.340449
v 3.084822 0.594551 1.340449
v 3.014338 0.885089 1.340449
v 2.916555 1.167613 1.340449
v 2.792360 1.439562 1.340449
v 2.642877 1.698474 1.340449
v 2.469460 1.942005 1.340449
v 2.273679 2.167948 1.340449
v 2.057307 2.374259 1.340449
v 1.822303 2.559067 1.340449
v 1.570797 2.720700 1.340449
v 1.305065 2.857695 1.340449
v 1.027515 2.968809 1.340449
v 0.740659 3.053038 1.340449
v 0.447095 3.109617 1.340449
v 0.149483 3.138036 1.340449
v -0.149483 3.138036 1.340449
v -0.447095 3.109617 1.340449
v -0.740659 3.053038 1.340449
v -1.027515 2.968809 1.340449
v -1.305065 2.857695 1.340449
v -1.570797 2.720700 1.340449
v -1.822303 2.559067 1.340449
v -2.057307 2.374259 1.340449
v -2.273679 2.167948 1.340449
v -2.469460 1.942005 1.340449
v -2.642877 1.698474 1.340449
v -2.792360 1.439562 1.340449
v -2.916555 1.167613 1.340449
v -3.014338 0.885089 1.340449
v -3.084822 0.594551 1.340449
v -3.127369 0.298628 1.340449
v -3.141594 0.000000 1.340449
v -3.127369 -0.298628 1.340449
v -3.084822 -0.594551 1.340449
v -3.014338 -0.885089 1.340449
v -2.916555 -1.167613 1.340449
v -2.792360 -1.439562 1.340449
v -2.642877 -1.698474 1.340449
v -2.469460 -1.942005 1.340449
v -2.273679 -2.167948 1.340449
v -2.057307 -2.374259 1.340449
v -1.822303 -2.559067 1.340449
v -1.570797 -2.720700 1.340449
v -1.305065 -2.857695 1.340449
v -1.027515 -2.968809 1.340449
v -0.740659 -3.053038 1.340449
v -0.447095 -3.109617 1.340449
v -0.149483 -3.138036 1.340449
v 0.149483 -3.138036 1.340449
v 0.447095 -3.109617 1.340449
v 0.740659 -3.053038 1.340449
v 1.027515 -2.968809 1.340449
v 1.305065 -2.857695 1.340449
v 1.570797 -2.720700 1.340449
v 1.822303 -2.559067 1.340449
v 2.057307 -2.374259 1.340449
v 2.273679 -2.167948 1.340449
v 2.469460 -1.942005 1.340449
v 2.642877 -1.698474 1.340449
v 2.792360 -1.439562 1.340449
v 2.916555 -1.167613 1.340449
v 3.014338 -0.885089 1.340449
v 3.084822 -0.594551 1.340449
v 3.127369 -0.298628 1.340449
v 3.500000 0.000000 1.299038
v 3.487044 0.300877 1.299038
v 3.448270 0.599526 1.299038
v 3.383967 0.893737 1.299038
v 3.294611 1.181330 1.299038
v 3.180862 1.460178 1.299038
v 3.043563 1.728214 1.299038
v 2.883731 1.983456 1.299038
v 2.702548 2.224013 1.299038
v 2.501357 2.448104 1.299038
v 2.281646 2.654070 1.299038
v 2.045044 2.840387 1.299038
v 1.793300 3.005674 1.299038
v 1.528279 3.148708 1.299038
v 1.251944 3.268430 1.299038
v 0.966339 3.363954 1.299038
v 0.673581 3.434573 1.299038
v 0.375835 3.479763 1.299038
v 0.075306 3.499190 1.299038
v -0.225780 3.492710 1.299038
v -0.525194 3.460372 1.299038
v -0.820720 3.402414 1.299038
v -1.110170 3.319266 1.299038
v -1.391400 3.211543 1.299038
v -1.662329 3.080043 1.299038
v -1.920950 2.925739 1.299038
v -2.165350 2.749774 1.299038
v -2.393718 2.553451 1.299038
v -2.604364 2.338224 1.299038
v -2.795728 2.105684 1.299038
v -2.966393 1.857555 1.299038
v -3.115097 1.595673 1.299038
v -3.240737 1.321978 1.299038
v -3.342384 1.038495 1.299038
v -3.419285 0.747323 1.299038
v -3.470871 0.450619 1.299038
v -3.496759 0.150578 1.299038
v -3.496759 -0.150578 1.299038
v -3.470871 -0.450619 1.299038
v -3.419285 -0.747323 1.299038
v -3.342384 -1.038495 1.299038
v -3.240737 -1.321978 1.299038
v -3.115097 -1.595673 1.299038
v -2.966393 -1.857555 1.299038
v -2.795728 -2.105684 1.299038
v -2.604364 -2.338224 1.299038
v -2.393718 -2.553451 1.299038
v -2.165350 -2.749774 1.299038
v -1.920950 -2.925739 1.299038
v -1.662329 -3.080043 1.299038
v -1.391400 -3.211543 1.299038
v -1.110170 -3.319266 1.299038
v -0.820720 -3.402414 1.299038
v -0.525194 -3.460372 1.299038
v -0.225780 -3.492710 1.299038
v 0.075306 -3.499190 1.299038
v 0.375835 -3.479763 1.299038
v 0.673581 -3.434573 1.299038
v 0.966339 -3.363954 1.299038
v 1.251944 -3.268430 1.299038
v 1.528279 -3.148708 1.299038
v 1.793300 -3.005674 1.299038
v 2.045044 -2.840387 1.299038
v 2.281646 -2.654070 1.299038
v 2.501357 -2.448104 1.299038
v 2.702548 -2.224013 1.299038
v 2.883731 -1.983456 1.299038
v 3.043563 -1.728214 1.299038
v 3.180862 -1.460178 1.299038
v 3.294611 -1.181330 1.299038
v 3.383967 -0.893737 1.299038
v 3.448270 -0.599526 1.299038
v 3.487044 -0.300877 1.299038
v 3.846563 0.000000 1.253232
v 3.834996 0.298079 1.253232
v 3.800365 0.594366 1.253232
v 3.742878 0.887078 1.253232
v 3.662881 1.174456 1.253232
v 3.560855 1.454770 1.253232
v 3.437414 1.726334 1.253232
v 3.293300 1.987517 1.253232
v 3.129379 2.236746 1.253232
v 2.946638 2.472523 1.253232
v 2.746176 2.693430 1.253232
v 2.529197 2.898139 1.253232
v 2.297008 3.085417 1.253232
v 2.051004 3.254140 1.253232
v 1.792666 3.403292 1.253232
v 1.523546 3.531976 1.253232
v 1.245263 3.639418 1.253232
v 0.959491 3.724973 1.253232
v 0.667949 3.788125 1.253232
v 0.372389 3.828495 1.253232
v 0.074590 3.845840 1.253232
v -0.223658 3.840055 1.253232
v -0.520560 3.811176 1.253232
v -0.814332 3.759376 1.253232
v -1.103207 3.684967 1.253232
v -1.385446 3.588396 1.253232
v -1.659354 3.470244 1.253232
v -1.923281 3.331221 1.253232
v -2.175642 3.172164 1.253232
v -2.414919 2.994030 1.253232
v -2.639672 2.797888 1.253232
v -2.848549 2.584920 1.253232
v -3.040295 2.356406 1.253232
v -3.213756 2.113721 1.253232
v -3.367890 1.858323 1.253232
v -3.501768 1.591749 1.253232
v -3.614587 1.315602 1.253232
v -3.705667 1.031543 1.253232
v -3.774460 0.741280 1.253232
v -3.820554 0.446559 1.253232
v -3.843670 0.149152 1.253232
v -3.843670 -0.149152 1.253232
v -3.820554 -0.446559 1.253232
v -3.774460 -0.741280 1.253232
v -3.705667 -1.031543 1.253232
v -3.614587 -1.315602 1.253232
v -3.501768 -1.591749 1.253232
v -3.367890 -1.858323 1.253232
v -3.213756 -2.113721 1.253232
v -3.040295 -2.356406 1.253232
v -2.848549 -2.584920 1.253232
v -2.639672 -2.797888 1.253232
v -2.414919 -2.994030 1.253232
v -2.175642 -3.172164 1.253232
v -1.923281 -3.331221 1.253232
v -1.659354 -3.470244 1.253232
v -1.385446 -3.588396 1.253232
v -1.103207 -3.684967 1.253232
v -0.814332 -3.759376 1.253232
v -0.520560 -3.811176 1.253232
v -0.223658 -3.840055 1.253232
v 0.074590 -3.845840 1.253232
v 0.372389 -3.828495 1.253232
v 0.667949 -3.788125 1.253232
v 0.959491 -3.724973 1.253232
v 1.245263 -3.639418 1.253232
v 1.523546 -3.531976 1.253232
v 1.792666 -3.403292 1.253232
v 2.051004 -3.254140 1.253232
v 2.297008 -3.085417 1.253232
v 2.529197 -2.898139 1.253232
v 2.746176 -2.693430 1.253232
v 2.946638 -2.472523 1.253232
v 3.129379 -2.236746 1.253232
v 3.293300 -1.987517 1.253232
v 3.437414 -1.726334 1.253232
v 3.560855 -1.454770 1.253232
v 3.662881 -1.174456 1.253232
v 3.742878 -0.887078 1.253232
v 3.800365 -0.594366 1.253232
v 3.834996 -0.298079 1.253232
v 4.180110 0.000000 1.203185
v 4.169460 0.298206 1.203185
v 4.137563 0.594892 1.203185
v 4.084582 0.888546 1.203185
v 4.010786 1.177673 1.203185
v 3.916553 1.460799 1.203185
v 3.802362 1.736481 1.203185
v 3.668795 2.003314 1.203185
v 3.516532 2.259938 1.203185
v 3.346351 2.505047 1.203185
v 3.159116 2.737390 1.203185
v 2.955784 2.955784 1.203185
v 2.737390 3.159116 1.203185
v 2.505047 3.346351 1.203185
v 2.259938 3.516532 1.203185
v 2.003314 3.668795 1.203185
v 1.736481 3.802362 1.203185
v 1.460799 3.916553 1.203185
v 1.177673 4.010786 1.203185
v 0.888546 4.084582 1.203185
v 0.594892 4.137563 1.203185
v 0.298206 4.169460 1.203185
v 0.000000 4.180110 1.203185
v -0.298206 4.169460 1.203185
v -0.594892 4.137563 1.203185
v -0.888546 4.084582 1.203185
v -1.177673 4.010786 1.203185
v -1.460799 3.916553 1.203185
v -1.736481 3.802362 1.203185
v -2.003314 3.668795 1.203185
v -2.259938 3.516532 1.203185
v -2.505047 3.346351 1.203185
v -2.737390 3.159116 1.203185
v -2.955784 2.955784 1.203185
v -3.159116 2.737390 1.203185
v -3.346351 2.505047 1.203185
v -3.516532 2.259938 1.203185
v -3.668795 2.003314 1.203185
v -3.802362 1.736481 1.203185
v -3.916553 1.460799 1.203185
v -4.010786 1.177673 1.203185
v -4.084582 0.888546 1.203185
v -4.137563 0.594892 1.203185
v -4.169460 0.298206 1.203185
v -4.180110 0.000000 1.203185
v -4.169460 -0.298206 1.203185
v -4.137563 -0.594892 1.203185
v -4.084582 -0.888546 1.203185
v -4.010786 -1.177673 1.203185
v -3.916553 -1.460799 1.203185
v -3.802362 -1.736481 1.203185
v -3.668795 -2.003314 1.203185
v -3.516532 -2.259938 1.203185
v -3.346351 -2.505047 1.203185
v -3.159116 -2.737390 1.203185
v -2.955784 -2.955784 1.203185
v -2.737390 -3.159116 1.203185
v -2.505047 -3.346351 1.203185
v -2.259938 -3.516532 1.203185
v -2.003314 -3.668795 1.203185
v -1.736481 -3.802362 1.203185
v -1.460799 -3.916553 1.203185
v -1.177673 -4.010786 1.203185
v -0.888546 -4.084582 1.203185
v -0.594892 -4.137563 1.203185
v -0.298206 -4.169460 1.203185
v -0.000000 -4.180110 1.203185
v 0.298206 -4.169460 1.203185
v 0.594892 -4.137563 1.203185
v 0.888546 -4.084582 1.203185
v 1.177673 -4.010786 1.203185
v 1.460799 -3.916553 1.203185
v 1.736481 -3.802362 1.203185
v 2.003314 -3.668795 1.203185
v 2.259938 -3.516532 1.203185
v 2.505047 -3.346351 1.203185
v 2.737390 -3.159116 1.203185
v 2.955784 -2.955784 1.203185
v 3.159116 -2.737390 1.203185
v 3.346351 -2.505047 1.203185
v 3.516532 -2.259938 1.203185
v 3.668795 -2.003314 1.203185
v 3.802362 -1.736481 1.203185
v 3.916553 -1.460799 1.203185
v 4.010786 -1.177673 1.203185
v 4.084582 -0.888546 1.203185
v 4.137563 -0.594892 1.203185
v 4.169460 -0.298206 1.203185
v 4.499513 0.000000 1.149067
v 4.489465 0.300534 1.149067
v 4.459366 0.599726 1.149067
v 4.409351 0.896240 1.149067
v 4.339642 1.188751 1.149067
v 4.250551 1.475952 1.149067
v 4.142476 1.756562 1.149067
v 4.015900 2.029326 1.149067
v 3.871388 2.293027 1.149067
v 3.709586 2.546486 1.149067
v 3.531215 2.788573 1.149067
v 3.337073 3.018205 1.149067
v 3.128028 3.234357 1.149067
v 2.905011 3.436063 1.149067
v 2.669020 3.622423 1.149067
v 2.421109 3.792605 1.149067
v 2.162384 3.945848 1.149067
v 1.894002 4.081468 1.149067
v 1.617160 4.198859 1.149067
v 1.333096 4.297496 1.149067
v 1.043078 4.376941 1.149067
v 0.748401 4.436836 1.149067
v 0.450382 4.476916 1.149067
v 0.150351 4.497001 1.149067
v -0.150351 4.497001 1.149067
v -0.450382 4.476916 1.149067
v -0.748401 4.436836 1.149067
v -1.043078 4.376941 1.149067
v -1.333096 4.297496 1.149067
v -1.617160 4.198859 1.149067
v -1.894002 4.081468 1.149067
v -2.162384 3.945848 1.149067
v -2.421109 3.792605 1.149067
v -2.669020 3.622423 1.149067
v -2.905011 3.436063 1.149067
v -3.128028 3.234357 1.149067
v -3.337073 3.018205 1.149067
v -3.531215 2.788573 1.149067
v -3.709586 2.546486 1.149067
v -3.871388 2.293027 1.149067
v -4.015900 2.029326 1.149067
v -4.142476 1.756562 1.149067
v -4.250551 1.475952 1.149067
v -4.339642 1.188751 1.149067
v -4.409351 0.896240 1.149067
v -4.459366 0.599726 1.149067
v -4.489465 0.300534 1.149067
v -4.499513 -0.000000 1.149067
v -4.489465 -0.300534 1.149067
v -4.459366 -0.599726 1.149067
v -4.409351 -0.896240 1.149067
v -4.339642 -1.188751 1.149067
v -4.250551 -1.475952 1.149067
v -4.142476 -1.756562 1.149067
v -4.015900 -2.029326 1.149067
v -3.871388 -2.293027 1.149067
v -3.709586 -2.546486 1.149067
v -3.531215 -2.788573 1.149067
v -3.337073 -3.018205 1.149067
v -3.128028 -3.234357 1.149067
v -2.905011 -3.436063 1.149067
v -2.669020 -3.622423 1.149067
v -2.421109 -3.792605 1.149067
v -2.162384 -3.945848 1.149067
v -1.894002 -4.081468 1.149067
v -1.617160 -4.198859 1.149067
v -1.333096 -4.297496 1.149067
v -1.043078 -4.376941 1.149067
v -0.748401 -4.436836 1.149067
v -0.450382 -4.476916 1.149067
v -0.150351 -4.497001 1.149067
v 0.150351 -4.497001 1.149067
v 0.450382 -4.476916 1.149067
v 0.748401 -4.436836 1.149067
v 1.043078 -4.376941 1.149067
v 1.333096 -4.297496 1.149067
v 1.617160 -4.198859 1.149067
v 1.894002 -4.081468 1.149067
v 2.162384 -3.945848 1.149067
v 2.421109 -3.792605 1.149067
v 2.669020 -3.622423 1.149067
v 2.905011 -3.436063 1.149067
v 3.128028 -3.234357 1.149067
v 3.337073 -3.018205 1.149067
v 3.531215 -2.788573 1.149067
v 3.709586 -2.546486 1.149067
v 3.871388 -2.293027 1.149067
v 4.015900 -2.029326 1.149067
v 4.142476 -1.756562 1.149067
v 4.250551 -1.475952 1.149067
v 4.339642 -1.188751 1.149067
v 4.409351 -0.896240 1.149067
v 4.459366 -0.599726 1.149067
v 4.489465 -0.300534 1.149067
v 4.803691 0.000000 1.091060
v 4.794399 0.298644 1.091060
v 4.766558 0.596132 1.091060
v 4.720277 0.891314 1.091060
v 4.655733 1.183048 1.091060
v 4.573177 1.470205 1.091060
v 4.472929 1.751673 1.091060
v 4.355375 2.026365 1.091060
v 4.220972 2.293218 1.091060
v 4.070238 2.551198 1.091060
v 3.903758 2.799308 1.091060
v 3.722174 3.036588 1.091060
v 3.526191 3.262121 1.091060
v 3.316565 3.475032 1.091060
v 3.094108 3.674500 1.091060
v 2.859680 3.859751 1.091060
v 2.614189 4.030070 1.091060
v 2.358584 4.184798 1.091060
v 2.093854 4.323335 1.091060
v 1.821024 4.445146 1.091060
v 1.541148 4.549760 1.091060
v 1.255310 4.636771 1.091060
v 0.964615 4.705844 1.091060
v 0.670189 4.756711 1.091060
v 0.373169 4.789175 1.091060
v 0.074706 4.803111 1.091060
v -0.224046 4.798464 1.091060
v -0.521931 4.775253 1.091060
v -0.817798 4.733567 1.091060
v -1.110500 4.673568 1.091060
v -1.398906 4.595489 1.091060
v -1.681899 4.499630 1.091060
v -1.958386 4.386362 1.091060
v -2.227297 4.256125 1.091060
v -2.487590 4.109422 1.091060
v -2.738259 3.946820 1.091060
v -2.978335 3.768949 1.091060
v -3.206887 3.576496 1.091060
v -3.423034 3.370207 1.091060
v -3.625937 3.150879 1.091060
v -3.814811 2.919360 1.091060
v -3.988928 2.676548 1.091060
v -4.147611 2.423380 1.091060
v -4.290249 2.160837 1.091060
v -4.416288 1.889934 1.091060
v -4.525242 1.611719 1.091060
v -4.616688 1.327268 1.091060
v -4.690274 1.037683 1.091060
v -4.745713 0.744083 1.091060
v -4.782792 0.447604 1.091060
v -4.801368 0.149394 1.091060
v -4.801368 -0.149394 1.091060
v -4.782792 -0.447604 1.091060
v -4.745713 -0.744083 1.091060
v -4.690274 -1.037683 1.091060
v -4.616688 -1.327268 1.091060
v -4.525242 -1.611719 1.091060
v -4.416288 -1.889934 1.091060
v -4.290249 -2.160837 1.091060
v -4.147611 -2.423380 1.091060
v -3.988928 -2.676548 1.091060
v -3.814811 -2.919360 1.091060
v -3.625937 -3.150879 1.091060
v -3.423034 -3.370207 1.091060
v -3.206887 -3.576496 1.091060
v -2.978335 -3.768949 1.091060
v -2.738259 -3.946820 1.091060
v -2.487590 -4.109422 1.091060
v -2.227297 -4.256125 1.091060
v -1.958386 -4.386362 1.091060
v -1.681899 -4.499630 1.091060
v -1.398906 -4.595489 1.091060
v -1.110500 -4.673568 1.091060
v -0.817798 -4.733567 1.091060
v -0.521931 -4.775253 1.091060
v -0.224046 -4.798464 1.091060
v 0.074706 -4.803111 1.091060
v 0.373169 -4.789175 1.091060
v 0.670189 -4.756711 1.091060
v 0.964615 -4.705844 1.091060
v 1.255310 -4.636771 1.091060
v 1.541148 -4.549760 1.091060
v 1.821024 -4.445146 1.091060
v 2.093854 -4.323335 1.091060
v 2.358584 -4.184798 1.091060
v 2.614189 -4.030070 1.091060
v 2.859680 -3.859751 1.091060
v 3.094108 -3.674500 1.091060
v 3.316565 -3.475032 1.091060
v 3.526191 -3.262121 1.091060
v 3.722174 -3.036588 1.091060
v 3.903758 -2.799308 1.091060
v 4.070238 -2.551198 1.091060
v 4.220972 -2.293218 1.091060
v 4.355375 -2.026365 1.091060
v 4.472929 -1.751673 1.091060
v 4.573177 -1.470205 1.091060
v 4.655733 -1.183048 1.091060
v 4.720277 -0.891314 1.091060
v 4.766558 -0.596132 1.091060
v 4.794399 -0.298644 1.091060
v 5.091615 0.000000 1.029362
v 5.082840 0.298815 1.029362
v 5.056542 0.596599 1.029362
v 5.012814 0.892328 1.029362
v 4.951805 1.184980 1.029362
v 4.873726 1.473547 1.029362
v 4.778847 1.757034 1.029362
v 4.667494 2.034465 1.029362
v 4.540051 2.304883 1.029362
v 4.396958 2.567355 1.029362
v 4.238707 2.820977 1.029362
v 4.065845 3.064874 1.029362
v 3.878967 3.298206 1.029362
v 3.678717 3.520169 1.029362
v 3.465786 3.729996 1.029362
v 3.240908 3.926966 1.029362
v 3.004858 4.110399 1.029362
v 2.758449 4.279662 1.029362
v 2.502532 4.434172 1.029362
v 2.237987 4.573397 1.029362
v 1.965728 4.696857 1.029362
v 1.686692 4.804125 1.029362
v 1.401843 4.894833 1.029362
v 1.112160 4.968667 1.029362
v 0.818644 5.025373 1.029362
v 0.522306 5.064755 1.029362
v 0.224167 5.086678 1.029362
v -0.074744 5.091067 1.029362
v -0.373398 5.077905 1.029362
v -0.670764 5.047239 1.029362
v -0.965819 4.999174 1.029362
v -1.257544 4.933876 1.029362
v -1.544933 4.851570 1.029362
v -1.826998 4.752539 1.029362
v -2.102764 4.637125 1.029362
v -2.371281 4.505727 1.029362
v -2.631625 4.358796 1.029362
v -2.882896 4.196839 1.029362
v -3.124230 4.020415 1.029362
v -3.354793 3.830132 1.029362
v -3.573792 3.626646 1.029362
v -3.780472 3.410657 1.029362
v -3.974119 3.182912 1.029362
v -4.154067 2.944194 1.029362
v -4.319694 2.695327 1.029362
v -4.470431 2.437169 1.029362
v -4.605758 2.170609 1.029362
v -4.725207 1.896567 1.029362
v -4.828368 1.615987 1.029362
v -4.914884 1.329836 1.029362
v -4.984457 1.039101 1.029362
v -5.036849 0.744785 1.029362
v -5.071877 0.447900 1.029362
v -5.089421 0.149472 1.029362
v -5.089421 -0.149472 1.029362
v -5.071877 -0.447900 1.029362
v -5.036849 -0.744785 1.029362
v -4.984457 -1.039101 1.029362
v -4.914884 -1.329836 1.029362
v -4.828368 -1.615987 1.029362
v -4.725207 -1.896567 1.029362
v -4.605758 -2.170609 1.029362
v -4.470431 -2.437169 1.029362
v -4.319694 -2.695327 1.029362
v -4.154067 -2.944194 1.029362
v -3.974119 -3.182912 1.029362
v -3.780472 -3.410657 1.029362
v -3.573792 -3.626646 1.029362
v -3.354793 -3.830132 1.029362
v -3.124230 -4.020415 1.029362
v -2.882896 -4.196839 1.029362
v -2.631625 -4.358796 1.029362
v -2.371281 -4.505727 1.029362
v -2.102764 -4.637125 1.029362
v -1.826998 -4.752539 1.029362
v -1.544933 -4.851570 1.029362
v -1.257544 -4.933876 1.029362
v -0.965819 -4.999174 1.029362
v -0.670764 -5.047239 1.029362
v -0.373398 -5.077905 1.029362
v -0.074744 -5.091067 1.029362
v 0.224167 -5.086678 1.029362
v 0.522306 -5.064755 1.029362
v 0.818644 -5.025373 1.029362
v 1.112160 -4.968667 1.029362
v 1.401843 -4.894833 1.029362
v 1.686692 -4.804125 1.029362
v 1.965728 -4.696857 1.029362
v 2.237987 -4.573397 1.029362
v 2.502532 -4.434172 1.029362
v 2.758449 -4.279662 1.029362
v 3.004858 -4.110399 1.029362
v 3.240908 -3.926966 1.029362
v 3.465786 -3.729996 1.029362
v 3.678717 -3.520169 1.029362
v 3.878967 -3.298206 1.029362
v 4.065845 -3.064874 1.029362
v 4.238707 -2.820977 1.029362
v 4.396958 -2.567355 1.029362
v 4.540051 -2.304883 1.029362
v 4.667494 -2.034465 1.029362
v 4.778847 -1.757034 1.029362
v 4.873726 -1.473547 1.029362
v 4.951805 -1.184980 1.029362
v 5.012814 -0.892328 1.029362
v 5.056542 -0.596599 1.029362
v 5.082840 -0.298815 1.029362
v 5.362311 0.000000 0.964181
v 5.353875 0.300667 0.964181
v 5.328594 0.600388 0.964181
v 5.286547 0.898220 0.964181
v 5.227867 1.193226 0.964181
v 5.152738 1.484478 0.964181
v 5.061396 1.771059 0.964181
v 4.954129 2.052068 0.964181
v 4.831275 2.326620 0.964181
v 4.693220 2.593851 0.964181
v 4.540399 2.852922 0.964181
v 4.373291 3.103016 0.964181
v 4.192424 3.343346 0.964181
v 3.998365 3.573158 0.964181
v 3.791727 3.791727 0.964181
v 3.573158 3.998365 0.964181
v 3.343346 4.192424 0.964181
v 3.103016 4.373291 0.964181
v 2.852922 4.540399 0.964181
v 2.593851 4.693220 0.964181
v 2.326620 4.831275 0.964181
v 2.052068 4.954129 0.964181
v 1.771059 5.061396 0.964181
v 1.484478 5.152738 0.964181
v 1.193226 5.227867 0.964181
v 0.898220 5.286547 0.964181
v 0.600388 5.328594 0.964181
v 0.300667 5.353875 0.964181
v 0.000000 5.362311 0.964181
v -0.300667 5.353875 0.964181
v -0.600388 5.328594 0.964181
v -0.898220 5.286547 0.964181
v -1.193226 5.227867 0.964181
v -1.484478 5.152738 0.964181
v -1.771059 5.061396 0.964181
v -2.052068 4.954129 0.964181
v -2.326620 4.831275 0.964181
v -2.593851 4.693220 0.964181
v -2.852922 4.540399 0.964181
v -3.103016 4.373291 0.964181
v -3.343346 4.192424 0.964181
v -3.573158 3.998365 0.964181
v -3.791727 3.791727 0.964181
v -3.998365 3.573158 0.964181
v -4.192424 3.343346 0.964181
v -4.373291 3.103016 0.964181
v -4.540399 2.852922 0.964181
v -4.693220 2.593851 0.964181
v -4.831275 2.326620 0.964181
v -4.954129 2.052068 0.964181
v -5.061396 1.771059 0.964181
v -5.152738 1.484478 0.964181
v -5.227867 1.193226 0.964181
v -5.286547 0.898220 0.964181
v -5.328594 0.600388 0.964181
v -5.353875 0.300667 0.964181
v -5.362311 0.000000 0.964181
v -5.353875 -0.300667 0.964181
v -5.328594 -0.600388 0.964181
v -5.286547 -0.898220 0.964181
v -5.227867 -1.193226 0.964181
v -5.152738 -1.484478 0.964181
v -5.061396 -1.771059 0.964181
v -4.954129 -2.052068 0.964181
v -4.831275 -2.326620 0.964181
v -4.693220 -2.593851 0.964181
v -4.540399 -2.852922 0.964181
v -4.373291 -3.103016 0.964181
v -4.192424 -3.343346 0.964181
v -3.998365 -3.573158 0.964181
v -3.791727 -3.791727 0.964181
v -3.573158 -3.998365 0.964181
v -3.343346 -4.192424 0.964181
v -3.103016 -4.373291 0.964181
v -2.852922 -4.540399 0.964181
v -2.593851 -4.693220 0.964181
v -2.326620 -4.831275 0.964181
v -2.052068 -4.954129 0.964181
v -1.771059 -5.061396 0.964181
v -1.484478 -5.152738 0.964181
v -1.193226 -5.227867 0.964181
v -0.898220 -5.286547 0.964181
v -0.600388 -5.328594 0.964181
v -0.300667 -5.353875 0.964181
v -0.000000 -5.362311 0.964181
v 0.300667 -5.353875 0.964181
v 0.600388 -5.328594 0.964181
v 0.898220 -5.286547 0.964181
v 1.193226 -5.227867 0.964181
v 1.484478 -5.152738 0.964181
v 1.771059 -5.061396 0.964181
v 2.052068 -4.954129 0.964181
v 2.326620 -4.831275 0.964181
v 2.593851 -4.693220 0.964181
v 2.852922 -4.540399 0.964181
v 3.103016 -4.373291 0.964181
v 3.343346 -4.192424 0.964181
v 3.573158 -3.998365 0.964181
v 3.791727 -3.791727 0.964181
v 3.998365 -3.573158 0.964181
v 4.192424 -3.343346 0.964181
v 4.373291 -3.103016 0.964181
v 4.540399 -2.852922 0.964181
v 4.693220 -2.593851 0.964181
v 4.831275 -2.326620 0.964181
v 4.954129 -2.052068 0.964181
v 5.061396 -1.771059 0.964181
v 5.152738 -1.484478 0.964181
v 5.227867 -1.193226 0.964181
v 5.286547 -0.898220 0.964181
v 5.328594 -0.600388 0.964181
v 5.353875 -0.300667 0.964181
v 5.614862 0.000000 0.895738
v 5.606904 0.298835 0.895738
v 5.583053 0.596823 0.895738
v 5.543376 0.893120 0.895738
v 5.487985 1.186884 0.895738
v 5.417039 1.477285 0.895738
v 5.330737 1.763498 0.895738
v 5.229324 2.044712 0.895738
v 5.113089 2.320130 0.895738
v 4.982360 2.588971 0.895738
v 4.837508 2.850474 0.895738
v 4.678943 3.103896 0.895738
v 4.507115 3.348521 0.895738
v 4.322512 3.583653 0.895738
v 4.125656 3.808628 0.895738
v 3.917105 4.022806 0.895738
v 3.697451 4.225581 0.895738
v 3.467316 4.416379 0.895738
v 3.227352 4.594657 0.895738
v 2.978240 4.759912 0.895738
v 2.720686 4.911674 0.895738
v 2.455420 5.049514 0.895738
v 2.183194 5.173040 0.895738
v 1.904780 5.281903 0.895738
v 1.620966 5.375793 0.895738
v 1.332557 5.454445 0.895738
v 1.040371 5.517636 0.895738
v 0.745236 5.565187 0.895738
v 0.447988 5.596962 0.895738
v 0.149471 5.612873 0.895738
v -0.149471 5.612873 0.895738
v -0.447988 5.596962 0.895738
v -0.745236 5.565187 0.895738
v -1.040371 5.517636 0.895738
v -1.332557 5.454445 0.895738
v -1.620966 5.375793 0.895738
v -1.904780 5.281903 0.895738
v -2.183194 5.173040 0.895738
v -2.455420 5.049514 0.895738
v -2.720686 4.911674 0.895738
v -2.978240 4.759912 0.895738
v -3.227352 4.594657 0.895738
v -3.467316 4.416379 0.895738
v -3.697451 4.225581 0.895738
v -3.917105 4.022806 0.895738
v -4.125656 3.808628 0.895738
v -4.322512 3.583653 0.895738
v -4.507115 3.348521 0.895738
v -4.678943 3.103896 0.895738
v -4.837508 2.850474 0.895738
v -4.982360 2.588971 0.895738
v -5.113089 2.320130 0.895738
v -5.229324 2.044712 0.895738
v -5.330737 1.763498 0.895738
v -5.417039 1.477285 0.895738
v -5.487985 1.186884 0.895738
v -5.543376 0.893120 0.895738
v -5.583053 0.596823 0.895738
v -5.606904 0.298835 0.895738
v -5.614862 0.000000 0.895738
v -5.606904 -0.298835 0.895738
v -5.583053 -0.596823 0.895738
v -5.543376 -0.893120 0.895738
v -5.487985 -1.186884 0.895738
v -5.417039 -1.477285 0.895738
v -5.330737 -1.763498 0.895738
v -5.229324 -2.044712 0.895738
v -5.113089 -2.320130 0.895738
v -4.982360 -2.588971 0.895738
v -4.837508 -2.850474 0.895738
v -4.678943 -3.103896 0.895738
v -4.507115 -3.348521 0.895738
v -4.322512 -3.583653 0.895738
v -4.125656 -3.808628 0.895738
v -3.917105 -4.022806 0.895738
v -3.697451 -4.225581 0.895738
v -3.467316 -4.416379 0.895738
v -3.227352 -4.594657 0.895738
v -2.978240 -4.759912 0.895738
v -2.720686 -4.911674 0.895738
v -2.455420 -5.049514 0.895738
v -2.183194 -5.173040 0.895738
v -1.904780 -5.281903 0.895738
v -1.620966 -5.375793 0.895738
v -1.332557 -5.454445 0.895738
v -1.040371 -5.517636 0.895738
v -0.745236 -5.565187 0.895738
v -0.447988 -5.596962 0.895738
v -0.149471 -5.612873 0.895738
v 0.149471 -5.612873 0.895738
v 0.447988 -5.596962 0.895738
v 0.745236 -5.565187 0.895738
v 1.040371 -5.517636 0.895738
v 1.332557 -5.454445 0.895738
v 1.620966 -5.375793 0.895738
v 1.904780 -5.281903 0.895738
v 2.183194 -5.173040 0.895738
v 2.455420 -5.049514 0.895738
v 2.720686 -4.911674 0.895738
v 2.978240 -4.759912 0.895738
v 3.227352 -4.594657 0.895738
v 3.467316 -4.416379 0.895738
v 3.697451 -4.225581 0.895738
v 3.917105 -4.022806 0.895738
v 4.125656 -3.808628 0.895738
v 4.322512 -3.583653 0.895738
v 4.507115 -3.348521 0.895738
v 4.678943 -3.103896 0.895738
v 4.837508 -2.850474 0.895738
v 4.982360 -2.588971 0.895738
v 5.113089 -2.320130 0.895738
v 5.229324 -2.044712 0.895738
v 5.330737 -1.763498 0.895738
v 5.417039 -1.477285 0.895738
v 5.487985 -1.186884 0.895738
v 5.543376 -0.893120 0.895738
v 5.583053 -0.596823 0.895738
v 5.606904 -0.298835 0.895738
v 5.848415 0.000000 0.824263
v 5.840660 0.301069 0.824263
v 5.817417 0.601340 0.824263
v 5.778748 0.900016 0.824263
v 5.724754 1.196305 0.824263
v 5.655579 1.489422 0.824263
v 5.571407 1.778590 0.824263
v 5.472460 2.063040 0.824263
v 5.359001 2.342021 0.824263
v 5.231331 2.614790 0.824263
v 5.089789 2.880625 0.824263
v 4.934749 3.138822 0.824263
v 4.766624 3.388695 0.824263
v 4.585858 3.629582 0.824263
v 4.392931 3.860843 0.824263
v 4.188355 4.081867 0.824263
v 3.972672 4.292066 0.824263
v 3.746455 4.490883 0.824263
v 3.510302 4.677792 0.824263
v 3.264841 4.852295 0.824263
v 3.010722 5.013931 0.824263
v 2.748619 5.162272 0.824263
v 2.479227 5.296922 0.824263
v 2.203261 5.417527 0.824263
v 1.921452 5.523765 0.824263
v 1.634548 5.615355 0.824263
v 1.343309 5.692054 0.824263
v 1.048508 5.753658 0.824263
v 0.750927 5.800005 0.824263
v 0.451354 5.830972 0.824263
v 0.150584 5.846476 0.824263
v -0.150584 5.846476 0.824263
v -0.451354 5.830972 0.824263
v -0.750927 5.800005 0.824263
v -1.048508 5.753658 0.824263
v -1.343309 5.692054 0.824263
v -1.634548 5.615355 0.824263
v -1.921452 5.523765 0.824263
v -2.203261 5.417527 0.824263
v -2.479227 5.296922 0.824263
v -2.748619 5.162272 0.824263
v -3.010722 5.013931 0.824263
v -3.264841 4.852295 0.824263
v -3.510302 4.677792 0.824263
v -3.746455 4.490883 0.824263
v -3.972672 4.292066 0.824263
v -4.188355 4.081867 0.824263
v -4.392931 3.860843 0.824263
v -4.585858 3.629582 0.824263
v -4.766624 3.388695 0.824263
v -4.934749 3.138822 0.824263
v -5.089789 2.880625 0.824263
v -5.231331 2.614790 0.824263
v -5.359001 2.342021 0.824263
v -5.472460 2.063040 0.824263
v -5.571407 1.778590 0.824263
v -5.655579 1.489422 0.824263
v -5.724754 1.196305 0.824263
v -5.778748 0.900016 0.824263
v -5.817417 0.601340 0.824263
v -5.840660 0.301069 0.824263
v -5.848415 0.000000 0.824263
v -5.840660 -0.301069 0.824263
v -5.817417 -0.601340 0.824263
v -5.778748 -0.900016 0.824263
v -5.724754 -1.196305 0.824263
v -5.655579 -1.489422 0.824263
v -5.571407 -1.778590 0.824263
v -5.472460 -2.063040 0.824263
v -5.359001 -2.342021 0.824263
v -5.231331 -2.614790 0.824263
v -5.089789 -2.880625 0.824263
v -4.934749 -3.138822 0.824263
v -4.766624 -3.388695 0.824263
v -4.585858 -3.629582 0.824263
v -4.392931 -3.860843 0.824263
v -4.188355 -4.081867 0.824263
v -3.972672 -4.292066 0.824263
v -3.746455 -4.490883 0.824263
v -3.510302 -4.677792 0.824263
v -3.264841 -4.852295 0.824263
v -3.010722 -5.013931 0.824263
v -2.748619 -5.162272 0.824263
v -2.479227 -5.296922 0.824263
v -2.203261 -5.417527 0.824263
v -1.921452 -5.523765 0.824263
v -1.634548 -5.615355 0.824263
v -1.343309 -5.692054 0.824263
v -1.048508 -5.753658 0.824263
v -0.750927 -5.800005 0.824263
v -0.451354 -5.830972 0.824263
v -0.150584 -5.846476 0.824263
v 0.150584 -5.846476 0.824263
v 0.451354 -5.830972 0.824263
v 0.750927 -5.800005 0.824263
v 1.048508 -5.753658 0.824263
v 1.343309 -5.692054 0.824263
v 1.634548 -5.615355 0.824263
v 1.921452 -5.523765 0.824263
v 2.203261 -5.417527 0.824263
v 2.479227 -5.296922 0.824263
v 2.748619 -5.162272 0.824263
v 3.010722 -5.013931 0.824263
v 3.264841 -4.852295 0.824263
v 3.510302 -4.677792 0.824263
v 3.746455 -4.490883 0.824263
v 3.972672 -4.292066 0.824263
v 4.188355 -4.081867 0.824263
v 4.392931 -3.860843 0.824263
v 4.585858 -3.629582 0.824263
v 4.766624 -3.388695 0.824263
v 4.934749 -3.138822 0.824263
v 5.089789 -2.880625 0.824263
v 5.231331 -2.614790 0.824263
v 5.359001 -2.342021 0.824263
v 5.472460 -2.063040 0.824263
v 5.571407 -1.778590 0.824263
v 5.655579 -1.489422 0.824263
v 5.724754 -1.196305 0.824263
v 5.778748 -0.900016 0.824263
v 5.817417 -0.601340 0.824263
v 5.840660 -0.301069 0.824263
v 6.062178 0.000000 0.750000
v 6.054760 0.299797 0.750000
v 6.032526 0.598861 0.750000
v 5.995528 0.896459 0.750000
v 5.943859 1.191863 0.750000
v 5.877644 1.484351 0.750000
v 5.797046 1.773206 0.750000
v 5.702261 2.057722 0.750000
v 5.593522 2.337202 0.750000
v 5.471094 2.610963 0.750000
v 5.335278 2.878334 0.750000
v 5.186406 3.138661 0.750000
v 5.024841 3.391308 0.750000
v 4.850980 3.635656 0.750000
v 4.665248 3.871106 0.750000
v 4.468099 4.097083 0.750000
v 4.260016 4.313034 0.750000
v 4.041508 4.518431 0.750000
v 3.813109 4.712769 0.750000
v 3.575380 4.895575 0.750000
v 3.328901 5.066401 0.750000
v 3.074275 5.224829 0.750000
v 2.812126 5.370470 0.750000
v 2.543096 5.502969 0.750000
v 2.267842 5.622001 0.750000
v 1.987038 5.727275 0.750000
v 1.701372 5.818534 0.750000
v 1.411542 5.895553 0.750000
v 1.118257 5.958146 0.750000
v 0.822237 6.006157 0.750000
v 0.524204 6.039471 0.750000
v 0.224888 6.058005 0.750000
v -0.074978 6.061714 0.750000
v -0.374661 6.050589 0.750000
v -0.673426 6.024657 0.750000
v -0.970544 5.983982 0.750000
v -1.265287 5.928663 0.750000
v -1.556933 5.858836 0.750000
v -1.844769 5.774671 0.750000
v -2.128091 5.676375 0.750000
v -2.406205 5.564187 0.750000
v -2.678430 5.438383 0.750000
v -2.944101 5.299270 0.750000
v -3.202568 5.147190 0.750000
v -3.453197 4.982513 0.750000
v -3.695375 4.805643 0.750000
v -3.928511 4.617013 0.750000
v -4.152032 4.417084 0.750000
v -4.365393 4.206346 0.750000
v -4.568071 3.985314 0.750000
v -4.759570 3.754530 0.750000
v -4.939422 3.514557 0.750000
v -5.107186 3.265984 0.750000
v -5.262452 3.009418 0.750000
v -5.404840 2.745488 0.750000
v -5.534001 2.474840 0.750000
v -5.649620 2.198134 0.750000
v -5.751413 1.916050 0.750000
v -5.839132 1.629277 0.750000
v -5.912561 1.338517 0.750000
v -5.971521 1.044481 0.750000
v -6.015868 0.747889 0.750000
v -6.045493 0.449467 0.750000
v -6.060323 0.149944 0.750000
v -6.060323 -0.149944 0.750000
v -6.045493 -0.449467 0.750000
v -6.015868 -0.747889 0.750000
v -5.971521 -1.044481 0.750000
v -5.912561 -1.338517 0.750000
v -5.839132 -1.629277 0.750000
v -5.751413 -1.916050 0.750000
v -5.649620 -2.198134 0.750000
v -5.534001 -2.474840 0.750000
v -5.404840 -2.745488 0.750000
v -5.262452 -3.009418 0.750000
v -5.107186 -3.265984 0.750000
v -4.939422 -3.514557 0.750000
v -4.759570 -3.754530 0.750000
v -4.568071 -3.985314 0.750000
v -4.365393 -4.206346 0.750000
v -4.152032 -4.417084 0.750000
v -3.928511 -4.617013 0.750000
v -3.695375 -4.805643 0.750000
v -3.453197 -4.982513 0.750000
v -3.202568 -5.147190 0.750000
v -2.944101 -5.299270 0.750000
v -2.678430 -5.438383 0.750000
v -2.406205 -5.564187 0.750000
v -2.128091 -5.676375 0.750000
v -1.844769 -5.774671 0.750000
v -1.556933 -5.858836 0.750000
v -1.265287 -5.928663 0.750000
v -0.970544 -5.983982 0.750000
v -0.673426 -6.024657 0.750000
v -0.374661 -6.050589 0.750000
v -0.074978 -6.061714 0.750000
v 0.224888 -6.058005 0.750000
v 0.524204 -6.039471 0.750000
v 0.822237 -6.006157 0.750000
v 1.118257 -5.958146 0.750000
v 1.411542 -5.895553 0.750000
v 1.701372 -5.818534 0.750000
v 1.987038 -5.727275 0.750000
v 2.267842 -5.622001 0.750000
v 2.543096 -5.502969 0.750000
v 2.812126 -5.370470 0.750000
v 3.074275 -5.224829 0.750000
v 3.328901 -5.066401 0.750000
v 3.575380 -4.895575 0.750000
v 3.813109 -4.712769 0.750000
v 4.041508 -4.518431 0.750000
v 4.260016 -4.313034 0.750000
v 4.468099 -4.097083 0.750000
v 4.665248 -3.871106 0.750000
v 4.850980 -3.635656 0.750000
v 5.024841 -3.391308 0.750000
v 5.186406 -3.138661 0.750000
v 5.335278 -2.878334 0.750000
v 5.471094 -2.610963 0.750000
v 5.593522 -2.337202 0.750000
v 5.702261 -2.057722 0.750000
v 5.797046 -1.773206 0.750000
v 5.877644 -1.484351 0.750000
v 5.943859 -1.191863 0.750000
v 5.995528 -0.896459 0.750000
v 6.032526 -0.598861 0.750000
v 6.054760 -0.299797 0.750000
v 6.255428 0.000000 0.673199
v 6.248235 0.299916 0.673199
v 6.226670 0.599141 0.673199
v 6.190783 0.896989 0.673199
v 6.140658 1.192774 0.673199
v 6.076408 1.485815 0.673199
v 5.998183 1.775439 0.673199
v 5.906162 2.060979 0.673199
v 5.800556 2.341779 0.673199
v 5.681609 2.617193 0.673199
v 5.549595 2.886587 0.673199
v 5.404815 3.149342 0.673199
v 5.247605 3.404853 0.673199
v 5.078325 3.652533 0.673199
v 4.897365 3.891813 0.673199
v 4.705140 4.122140 0.673199
v 4.502094 4.342987 0.673199
v 4.288692 4.553845 0.673199
v 4.065427 4.754229 0.673199
v 3.832811 4.943677 0.673199
v 3.591379 5.121756 0.673199
v 3.341687 5.288054 0.673199
v 3.084309 5.442189 0.673199
v 2.819837 5.583807 0.673199
v 2.548879 5.712583 0.673199
v 2.272059 5.828219 0.673199
v 1.990013 5.930450 0.673199
v 1.703390 6.019040 0.673199
v 1.412849 6.093787 0.673199
v 1.119058 6.154518 0.673199
v 0.822694 6.201093 0.673199
v 0.524437 6.233406 0.673199
v 0.224974 6.251382 0.673199
v -0.075006 6.254979 0.673199
v -0.374814 6.244189 0.673199
v -0.673759 6.219038 0.673199
v -0.971155 6.179583 0.673199
v -1.266318 6.125914 0.673199
v -1.558568 6.058156 0.673199
v -1.847233 5.976464 0.673199
v -2.131649 5.881025 0.673199
v -2.411163 5.772060 0.673199
v -2.685130 5.649820 0.673199
v -2.952922 5.514584 0.673199
v -3.213922 5.366665 0.673199
v -3.467530 5.206402 0.673199
v -3.713163 5.034164 0.673199
v -3.950255 4.850348 0.673199
v -4.178261 4.655375 0.673199
v -4.396657 4.449695 0.673199
v -4.604941 4.233781 0.673199
v -4.802633 4.008129 0.673199
v -4.989279 3.773258 0.673199
v -5.164450 3.529708 0.673199
v -5.327742 3.278040 0.673199
v -5.478780 3.018833 0.673199
v -5.617217 2.752682 0.673199
v -5.742734 2.480199 0.673199
v -5.855043 2.202012 0.673199
v -5.953885 1.918761 0.673199
v -6.039032 1.631096 0.673199
v -6.110290 1.339680 0.673199
v -6.167494 1.045182 0.673199
v -6.210512 0.748281 0.673199
v -6.239246 0.449658 0.673199
v -6.253630 0.150001 0.673199
v -6.253630 -0.150001 0.673199
v -6.239246 -0.449658 0.673199
v -6.210512 -0.748281 0.673199
v -6.167494 -1.045182 0.673199
v -6.110290 -1.339680 0.673199
v -6.039032 -1.631096 0.673199
v -5.953885 -1.918761 0.673199
v -5.855043 -2.202012 0.673199
v -5.742734 -2.480199 0.673199
v -5.617217 -2.752682 0.673199
v -5.478780 -3.018833 0.673199
v -5.327742 -3.278040 0.673199
v -5.164450 -3.529708 0.673199
v -4.989279 -3.773258 0.673199
v -4.802633 -4.008129 0.673199
v -4.604941 -4.233781 0.673199
v -4.396657 -4.449695 0.673199
v -4.178261 -4.655375 0.673199
v -3.950255 -4.850348 0.673199
v -3.713163 -5.034164 0.673199
v -3.467530 -5.206402 0.673199
v -3.213922 -5.366665 0.673199
v -2.952922 -5.514584 0.673199
v -2.685130 -5.649820 0.673199
v -2.411163 -5.772060 0.673199
v -2.131649 -5.881025 0.673199
v -1.847233 -5.976464 0.673199
v -1.558568 -6.058156 0.673199
v -1.266318 -6.125914 0.673199
v -0.971155 -6.179583 0.673199
v -0.673759 -6.219038 0.673199
v -0.374814 -6.244189 0.673199
v -0.075006 -6.254979 0.673199
v 0.224974 -6.251382 0.673199
v 0.524437 -6.233406 0.673199
v 0.822694 -6.201093 0.673199
v 1.119058 -6.154518 0.673199
v 1.412849 -6.093787 0.673199
v 1.703390 -6.019040 0.673199
v 1.990013 -5.930450 0.673199
v 2.272059 -5.828219 0.673199
v 2.548879 -5.712583 0.673199
v 2.819837 -5.583807 0.673199
v 3.084309 -5.442189 0.673199
v 3.341687 -5.288054 0.673199
v 3.591379 -5.121756 0.673199
v 3.832811 -4.943677 0.673199
v 4.065427 -4.754229 0.673199
v 4.288692 -4.553845 0.673199
v 4.502094 -4.342987 0.673199
v 4.705140 -4.122140 0.673199
v 4.897365 -3.891813 0.673199
v 5.078325 -3.652533 0.673199
v 5.247605 -3.404853 0.673199
v 5.404815 -3.149342 0.673199
v 5.549595 -2.886587 0.673199
v 5.681609 -2.617193 0.673199
v 5.800556 -2.341779 0.673199
v 5.906162 -2.060979 0.673199
v 5.998183 -1.775439 0.673199
v 6.076408 -1.485815 0.673199
v 6.140658 -1.192774 0.673199
v 6.190783 -0.896989 0.673199
v 6.226670 -0.599141 0.673199
v 6.248235 -0.299916 0.673199
v 6.427513 0.000000 0.594120
v 6.420552 0.299042 0.594120
v 6.399687 0.597436 0.594120
v 6.364961 0.894537 0.594120
v 6.316449 1.189700 0.594120
v 6.254258 1.482286 0.594120
v 6.178522 1.771663 0.594120
v 6.089404 2.057202 0.594120
v 5.987098 2.338285 0.594120
v 5.871825 2.614305 0.594120
v 5.743835 2.884662 0.594120
v 5.603405 3.148772 0.594120
v 5.450840 3.406063 0.594120
v 5.286469 3.655976 0.594120
v 5.110649 3.897972 0.594120
v 4.923760 4.131526 0.594120
v 4.726208 4.356131 0.594120
v 4.518420 4.571302 0.594120
v 4.300846 4.776573 0.594120
v 4.073957 4.971499 0.594120
v 3.838244 5.155657 0.594120
v 3.594220 5.328650 0.594120
v 3.342410 5.490101 0.594120
v 3.083362 5.639663 0.594120
v 2.817636 5.777010 0.594120
v 2.545808 5.901846 0.594120
v 2.268466 6.013899 0.594120
v 1.986211 6.112928 0.594120
v 1.699654 6.198717 0.594120
v 1.409416 6.271082 0.594120
v 1.116126 6.329864 0.594120
v 0.820418 6.374938 0.594120
v 0.522934 6.406205 0.594120
v 0.224317 6.423597 0.594120
v -0.074786 6.427078 0.594120
v -0.373727 6.416638 0.594120
v -0.671858 6.392302 0.594120
v -0.968534 6.354122 0.594120
v -1.263113 6.302179 0.594120
v -1.554956 6.236588 0.594120
v -1.843431 6.157490 0.594120
v -2.127914 6.065056 0.594120
v -2.407789 5.959486 0.594120
v -2.682448 5.841009 0.594120
v -2.951298 5.709883 0.594120
v -3.213756 5.566389 0.594120
v -3.469254 5.410841 0.594120
v -3.717238 5.243573 0.594120
v -3.957172 5.064949 0.594120
v -4.188535 4.875356 0.594120
v -4.410827 4.675203 0.594120
v -4.623566 4.464926 0.594120
v -4.826291 4.244978 0.594120
v -5.018564 4.015836 0.594120
v -5.199967 3.777997 0.594120
v -5.370109 3.531976 0.594120
v -5.528620 3.278305 0.594120
v -5.675157 3.017534 0.594120
v -5.809403 2.750228 0.594120
v -5.931067 2.476966 0.594120
v -6.039886 2.198339 0.594120
v -6.135624 1.914951 0.594120
v -6.218074 1.627415 0.594120
v -6.287056 1.336355 0.594120
v -6.342422 1.042401 0.594120
v -6.384052 0.746189 0.594120
v -6.411856 0.448361 0.594120
v -6.425772 0.149562 0.594120
v -6.425772 -0.149562 0.594120
v -6.411856 -0.448361 0.594120
v -6.384052 -0.746189 0.594120
v -6.342422 -1.042401 0.594120
v -6.287056 -1.336355 0.594120
v -6.218074 -1.627415 0.594120
v -6.135624 -1.914951 0.594120
v -6.039886 -2.198339 0.594120
v -5.931067 -2.476966 0.594120
v -5.809403 -2.750228 0.594120
v -5.675157 -3.017534 0.594120
v -5.528620 -3.278305 0.594120
v -5.370109 -3.531976 0.594120
v -5.199967 -3.777997 0.594120
v -5.018564 -4.015836 0.594120
v -4.826291 -4.244978 0.594120
v -4.623566 -4.464926 0.594120
v -4.410827 -4.675203 0.594120
v -4.188535 -4.875356 0.594120
v -3.957172 -5.064949 0.594120
v -3.717238 -5.243573 0.594120
v -3.469254 -5.410841 0.594120
v -3.213756 -5.566389 0.594120
v -2.951298 -5.709883 0.594120
v -2.682448 -5.841009 0.594120
v -2.407789 -5.959486 0.594120
v -2.127914 -6.065056 0.594120
v -1.843431 -6.157490 0.594120
v -1.554956 -6.236588 0.594120
v -1.263113 -6.302179 0.594120
v -0.968534 -6.354122 0.594120
v -0.671858 -6.392302 0.594120
v -0.373727 -6.416638 0.594120
v -0.074786 -6.427078 0.594120
v 0.224317 -6.423597 0.594120
v 0.522934 -6.406205 0.594120
v 0.820418 -6.374938 0.594120
v 1.116126 -6.329864 0.594120
v 1.409416 -6.271082 0.594120
v 1.699654 -6.198717 0.594120
v 1.986211 -6.112928 0.594120
v 2.268466 -6.013899 0.594120
v 2.545808 -5.901846 0.594120
v 2.817636 -5.777010 0.594120
v 3.083362 -5.639663 0.594120
v 3.342410 -5.490101 0.594120
v 3.594220 -5.328650 0.594120
v 3.838244 -5.155657 0.594120
v 4.073957 -4.971499 0.594120
v 4.300846 -4.776573 0.594120
v 4.518420 -4.571302 0.594120
v 4.726208 -4.356131 0.594120
v 4.923760 -4.131526 0.594120
v 5.110649 -3.897972 0.594120
v 5.286469 -3.655976 0.594120
v 5.450840 -3.406063 0.594120
v 5.603405 -3.148772 0.594120
v 5.743835 -2.884662 0.594120
v 5.871825 -2.614305 0.594120
v 5.987098 -2.338285 0.594120
v 6.089404 -2.057202 0.594120
v 6.178522 -1.771663 0.594120
v 6.254258 -1.482286 0.594120
v 6.316449 -1.189700 0.594120
v 6.364961 -0.894537 0.594120
v 6.399687 -0.597436 0.594120
v 6.420552 -0.299042 0.594120
v 6.577848 0.000000 0.513030
v 6.571032 0.299388 0.513030
v 6.550595 0.598156 0.513030
v 6.516582 0.895684 0.513030
v 6.469062 1.191355 0.513030
v 6.408134 1.484557 0.513030
v 6.333924 1.774682 0.513030
v 6.246586 2.061129 0.513030
v 6.146301 2.343304 0.513030
v 6.033277 2.620622 0.513030
v 5.907748 2.892508 0.513030
v 5.769974 3.158399 0.513030
v 5.620241 3.417744 0.513030
v 5.458860 3.670006 0.513030
v 5.286164 3.914660 0.513030
v 5.102511 4.151201 0.513030
v 4.908283 4.379138 0.513030
v 4.703882 4.597998 0.513030
v 4.489731 4.807328 0.513030
v 4.266275 5.006694 0.513030
v 4.033976 5.195684 0.513030
v 3.793316 5.373904 0.513030
v 3.544794 5.540986 0.513030
v 3.288924 5.696584 0.513030
v 3.026238 5.840374 0.513030
v 2.757280 5.972060 0.513030
v 2.482606 6.091367 0.513030
v 2.202787 6.198049 0.513030
v 1.918403 6.291885 0.513030
v 1.630042 6.372680 0.513030
v 1.338303 6.440267 0.513030
v 1.043790 6.494505 0.513030
v 0.747113 6.535282 0.513030
v 0.448888 6.562514 0.513030
v 0.149733 6.576144 0.513030
v -0.149733 6.576144 0.513030
v -0.448888 6.562514 0.513030
v -0.747113 6.535282 0.513030
v -1.043790 6.494505 0.513030
v -1.338303 6.440267 0.513030
v -1.630042 6.372680 0.513030
v -1.918403 6.291885 0.513030
v -2.202787 6.198049 0.513030
v -2.482606 6.091367 0.513030
v -2.757280 5.972060 0.513030
v -3.026238 5.840374 0.513030
v -3.288924 5.696584 0.513030
v -3.544794 5.540986 0.513030
v -3.793316 5.373904 0.513030
v -4.033976 5.195684 0.513030
v -4.266275 5.006694 0.513030
v -4.489731 4.807328 0.513030
v -4.703882 4.597998 0.513030
v -4.908283 4.379138 0.513030
v -5.102511 4.151201 0.513030
v -5.286164 3.914660 0.513030
v -5.458860 3.670006 0.513030
v -5.620241 3.417744 0.513030
v -5.769974 3.158399 0.513030
v -5.907748 2.892508 0.513030
v -6.033277 2.620622 0.513030
v -6.146301 2.343304 0.513030
v -6.246586 2.061129 0.513030
v -6.333924 1.774682 0.513030
v -6.408134 1.484557 0.513030
v -6.469062 1.191355 0.513030
v -6.516582 0.895684 0.513030
v -6.550595 0.598156 0.513030
v -6.571032 0.299388 0.513030
v -6.577848 0.000000 0.513030
v -6.571032 -0.299388 0.513030
v -6.550595 -0.598156 0.513030
v -6.516582 -0.895684 0.513030
v -6.469062 -1.191355 0.513030
v -6.408134 -1.484557 0.513030
v -6.333924 -1.774682 0.513030
v -6.246586 -2.061129 0.513030
v -6.146301 -2.343304 0.513030
v -6.033277 -2.620622 0.513030
v -5.907748 -2.892508 0.513030
v -5.769974 -3.158399 0.513030
v -5.620241 -3.417744 0.513030
v -5.458860 -3.670006 0.513030
v -5.286164 -3.914660 0.513030
v -5.102511 -4.151201 0.513030
v -4.908283 -4.379138 0.513030
v -4.703882 -4.597998 0.513030
v -4.489731 -4.807328 0.513030
v -4.266275 -5.006694 0.513030
v -4.033976 -5.195684 0.513030
v -3.793316 -5.373904 0.513030
v -3.544794 -5.540986 0.513030
v -3.288924 -5.696584 0.513030
v -3.026238 -5.840374 0.513030
v -2.757280 -5.972060 0.513030
v -2.482606 -6.091367 0.513030
v -2.202787 -6.198049 0.513030
v -1.918403 -6.291885 0.513030
v -1.630042 -6.372680 0.513030
v -1.338303 -6.440267 0.513030
v -1.043790 -6.494505 0.513030
v -0.747113 -6.535282 0.513030
v -0.448888 -6.562514 0.513030
v -0.149733 -6.576144 0.513030
v 0.149733 -6.576144 0.513030
v 0.448888 -6.562514 0.513030
v 0.747113 -6.535282 0.513030
v 1.043790 -6.494505 0.513030
v 1.338303 -6.440267 0.513030
v 1.630042 -6.372680 0.513030
v 1.918403 -6.291885 0.513030
v 2.202787 -6.198049 0.513030
v 2.482606 -6.091367 0.513030
v 2.757280 -5.972060 0.513030
v 3.026238 -5.840374 0.513030
v 3.288924 -5.696584 0.513030
v 3.544794 -5.540986 0.513030
v 3.793316 -5.373904 0.513030
v 4.033976 -5.195684 0.513030
v 4.266275 -5.006694 0.513030
v 4.489731 -4.807328 0.513030
v 4.703882 -4.597998 0.513030
v 4.908283 -4.379138 0.513030
v 5.102511 -4.151201 0.513030
v 5.286164 -3.914660 0.513030
v 5.458860 -3.670006 0.513030
v 5.620241 -3.417744 0.513030
v 5.769974 -3.158399 0.513030
v 5.907748 -2.892508 0.513030
v 6.033277 -2.620622 0.513030
v 6.146301 -2.343304 0.513030
v 6.246586 -2.061129 0.513030
v 6.333924 -1.774682 0.513030
v 6.408134 -1.484557 0.513030
v 6.469062 -1.191355 0.513030
v 6.516582 -0.895684 0.513030
v 6.550595 -0.598156 0.513030
v 6.571032 -0.299388 0.513030
v 6.705927 0.000000 0.430205
v 6.699174 0.300860 0.430205
v 6.678930 0.601115 0.430205
v 6.645236 0.900158 0.430205
v 6.598160 1.197389 0.430205
v 6.537795 1.492209 0.430205
v 6.464264 1.784024 0.430205
v 6.377715 2.072245 0.430205
v 6.278322 2.356294 0.430205
v 6.166286 2.635597 0.430205
v 6.041831 2.909593 0.430205
v 5.905209 3.177728 0.430205
v 5.756695 3.439465 0.430205
v 5.596587 3.694275 0.430205
v 5.425209 3.941645 0.430205
v 5.242905 4.181077 0.430205
v 5.050042 4.412089 0.430205
v 4.847009 4.634215 0.430205
v 4.634215 4.847009 0.430205
v 4.412089 5.050042 0.430205
v 4.181077 5.242905 0.430205
v 3.941645 5.425209 0.430205
v 3.694275 5.596587 0.430205
v 3.439465 5.756695 0.430205
v 3.177728 5.905209 0.430205
v 2.909593 6.041831 0.430205
v 2.635597 6.166286 0.430205
v 2.356294 6.278322 0.430205
v 2.072245 6.377715 0.430205
v 1.784024 6.464264 0.430205
v 1.492209 6.537795 0.430205
v 1.197389 6.598160 0.430205
v 0.900158 6.645236 0.430205
v 0.601115 6.678930 0.430205
v 0.300860 6.699174 0.430205
v 0.000000 6.705927 0.430205
v -0.300860 6.699174 0.430205
v -0.601115 6.678930 0.430205
v -0.900158 6.645236 0.430205
v -1.197389 6.598160 0.430205
v -1.492209 6.537795 0.430205
v -1.784024 6.464264 0.430205
v -2.072245 6.377715 0.430205
v -2.356294 6.278322 0.430205
v -2.635597 6.166286 0.430205
v -2.909593 6.041831 0.430205
v -3.177728 5.905209 0.430205
v -3.439465 5.756695 0.430205
v -3.694275 5.596587 0.430205
v -3.941645 5.425209 0.430205
v -4.181077 5.242905 0.430205
v -4.412089 5.050042 0.430205
v -4.634215 4.847009 0.430205
v -4.847009 4.634215 0.430205
v -5.050042 4.412089 0.430205
v -5.242905 4.181077 0.430205
v -5.425209 3.941645 0.430205
v -5.596587 3.694275 0.430205
v -5.756695 3.439465 0.430205
v -5.905209 3.177728 0.430205
v -6.041831 2.909593 0.430205
v -6.166286 2.635597 0.430205
v -6.278322 2.356294 0.430205
v -6.377715 2.072245 0.430205
v -6.464264 1.784024 0.430205
v -6.537795 1.492209 0.430205
v -6.598160 1.197389 0.430205
v -6.645236 0.900158 0.430205
v -6.678930 0.601115 0.430205
v -6.699174 0.300860 0.430205
v -6.705927 0.000000 0.430205
v -6.699174 -0.300860 0.430205
v -6.678930 -0.601115 0.430205
v -6.645236 -0.900158 0.430205
v -6.598160 -1.197389 0.430205
v -6.537795 -1.492209 0.430205
v -6.464264 -1.784024 0.430205
v -6.377715 -2.072245 0.430205
v -6.278322 -2.356294 0.430205
v -6.166286 -2.635597 0.430205
v -6.041831 -2.909593 0.430205
v -5.905209 -3.177728 0.430205
v -5.756695 -3.439465 0.430205
v -5.596587 -3.694275 0.430205
v -5.425209 -3.941645 0.430205
v -5.242905 -4.181077 0.430205
v -5.050042 -4.412089 0.430205
v -4.847009 -4.634215 0.430205
v -4.634215 -4.847009 0.430205
v -4.412089 -5.050042 0.430205
v -4.181077 -5.242905 0.430205
v -3.941645 -5.425209 0.430205
v -3.694275 -5.596587 0.430205
v -3.439465 -5.756695 0.430205
v -3.177728 -5.905209 0.430205
v -2.909593 -6.041831 0.430205
v -2.635597 -6.166286 0.430205
v -2.356294 -6.278322 0.430205
v -2.072245 -6.377715 0.430205
v -1.784024 -6.464264 0.430205
v -1.492209 -6.537795 0.430205
v -1.197389 -6.598160 0.430205
v -0.900158 -6.645236 0.430205
v -0.601115 -6.678930 0.430205
v -0.300860 -6.699174 0.430205
v -0.000000 -6.705927 0.430205
v 0.300860 -6.699174 0.430205
v 0.601115 -6.678930 0.430205
v 0.900158 -6.645236 0.430205
v 1.197389 -6.598160 0.430205
v 1.492209 -6.537795 0.430205
v 1.784024 -6.464264 0.430205
v 2.072245 -6.377715 0.430205
v 2.356294 -6.278322 0.430205
v 2.635597 -6.166286 0.430205
v 2.909593 -6.041831 0.430205
v 3.177728 -5.905209 0.430205
v 3.439465 -5.756695 0.430205
v 3.694275 -5.596587 0.430205
v 3.941645 -5.425209 0.430205
v 4.181077 -5.242905 0.430205
v 4.412089 -5.050042 0.430205
v 4.634215 -4.847009 0.430205
v 4.847009 -4.634215 0.430205
v 5.050042 -4.412089 0.430205
v 5.242905 -4.181077 0.430205
v 5.425209 -3.941645 0.430205
v 5.596587 -3.694275 0.430205
v 5.756695 -3.439465 0.430205
v 5.905209 -3.177728 0.430205
v 6.041831 -2.909593 0.430205
v 6.166286 -2.635597 0.430205
v 6.278322 -2.356294 0.430205
v 6.377715 -2.072245 0.430205
v 6.464264 -1.784024 0.430205
v 6.537795 -1.492209 0.430205
v 6.598160 -1.197389 0.430205
v 6.645236 -0.900158 0.430205
v 6.678930 -0.601115 0.430205
v 6.699174 -0.300860 0.430205
v 6.811314 0.000000 0.345924
v 6.804740 0.299182 0.345924
v 6.785031 0.597786 0.345924
v 6.752226 0.895236 0.345924
v 6.706386 1.190958 0.345924
v 6.647602 1.484382 0.345924
v 6.575986 1.774940 0.345924
v 6.491676 2.062072 0.345924
v 6.394836 2.345224 0.345924
v 6.285652 2.623848 0.345924
v 6.164335 2.897408 0.345924
v 6.031119 3.165375 0.345924
v 5.886262 3.427233 0.345924
v 5.730042 3.682474 0.345924
v 5.562762 3.930608 0.345924
v 5.384744 4.171154 0.345924
v 5.196333 4.403649 0.345924
v 4.997890 4.627644 0.345924
v 4.789801 4.842706 0.345924
v 4.572466 5.048421 0.345924
v 4.346305 5.244390 0.345924
v 4.111755 5.430237 0.345924
v 3.869267 5.605602 0.345924
v 3.619311 5.770146 0.345924
v 3.362369 5.923552 0.345924
v 3.098936 6.065525 0.345924
v 2.829522 6.195789 0.345924
v 2.554646 6.314094 0.345924
v 2.274839 6.420211 0.345924
v 1.990640 6.513935 0.345924
v 1.702600 6.595086 0.345924
v 1.411272 6.663506 0.345924
v 1.117221 6.719064 0.345924
v 0.821013 6.761652 0.345924
v 0.523220 6.791188 0.345924
v 0.224418 6.807616 0.345924
v -0.074818 6.810903 0.345924
v -0.373909 6.801043 0.345924
v -0.672279 6.778056 0.345924
v -0.969351 6.741985 0.345924
v -1.264552 6.692900 0.345924
v -1.557312 6.630896 0.345924
v -1.847066 6.556092 0.345924
v -2.133254 6.468634 0.345924
v -2.415325 6.368689 0.345924
v -2.692734 6.256451 0.345924
v -2.964945 6.132137 0.345924
v -3.231433 5.995986 0.345924
v -3.491683 5.848261 0.345924
v -3.745193 5.689247 0.345924
v -3.991474 5.519251 0.345924
v -4.230051 5.338602 0.345924
v -4.460462 5.147648 0.345924
v -4.682264 4.946757 0.345924
v -4.895027 4.736318 0.345924
v -5.098342 4.516737 0.345924
v -5.291815 4.288437 0.345924
v -5.475074 4.051859 0.345924
v -5.647765 3.807460 0.345924
v -5.809554 3.555712 0.345924
v -5.960129 3.297100 0.345924
v -6.099199 3.032124 0.345924
v -6.226496 2.761295 0.345924
v -6.341774 2.485136 0.345924
v -6.444811 2.204180 0.345924
v -6.535408 1.918969 0.345924
v -6.613390 1.630054 0.345924
v -6.678606 1.337993 0.345924
v -6.730930 1.043349 0.345924
v -6.770262 0.746691 0.345924
v -6.796526 0.448592 0.345924
v -6.809670 0.149627 0.345924
v -6.809670 -0.149627 0.345924
v -6.796526 -0.448592 0.345924
v -6.770262 -0.746691 0.345924
v -6.730930 -1.043349 0.345924
v -6.678606 -1.337993 0.345924
v -6.613390 -1.630054 0.345924
v -6.535408 -1.918969 0.345924
v -6.444811 -2.204180 0.345924
v -6.341774 -2.485136 0.345924
v -6.226496 -2.761295 0.345924
v -6.099199 -3.032124 0.345924
v -5.960129 -3.297100 0.345924
v -5.809554 -3.555712 0.345924
v -5.647765 -3.807460 0.345924
v -5.475074 -4.051859 0.345924
v -5.291815 -4.288437 0.345924
v -5.098342 -4.516737 0.345924
v -4.895027 -4.736318 0.345924
v -4.682264 -4.946757 0.345924
v -4.460462 -5.147648 0.345924
v -4.230051 -5.338602 0.345924
v -3.991474 -5.519251 0.345924
v -3.745193 -5.689247 0.345924
v -3.491683 -5.848261 0.345924
v -3.231433 -5.995986 0.345924
v -2.964945 -6.132137 0.345924
v -2.692734 -6.256451 0.345924
v -2.415325 -6.368689 0.345924
v -2.133254 -6.468634 0.345924
v -1.847066 -6.556092 0.345924
v -1.557312 -6.630896 0.345924
v -1.264552 -6.692900 0.345924
v -0.969351 -6.741985 0.345924
v -0.672279 -6.778056 0.345924
v -0.373909 -6.801043 0.345924
v -0.074818 -6.810903 0.345924
v 0.224418 -6.807616 0.345924
v 0.523220 -6.791188 0.345924
v 0.821013 -6.761652 0.345924
v 1.117221 -6.719064 0.345924
v 1.411272 -6.663506 0.345924
v 1.702600 -6.595086 0.345924
v 1.990640 -6.513935 0.345924
v 2.274839 -6.420211 0.345924
v 2.554646 -6.314094 0.345924
v 2.829522 -6.195789 0.345924
v 3.098936 -6.065525 0.345924
v 3.362369 -5.923552 0.345924
v 3.619311 -5.770146 0.345924
v 3.869267 -5.605602 0.345924
v 4.111755 -5.430237 0.345924
v 4.346305 -5.244390 0.345924
v 4.572466 -5.048421 0.345924
v 4.789801 -4.842706 0.345924
v 4.997890 -4.627644 0.345924
v 5.196333 -4.403649 0.345924
v 5.384744 -4.171154 0.345924
v 5.562762 -3.930608 0.345924
v 5.730042 -3.682474 0.345924
v 5.886262 -3.427233 0.345924
v 6.031119 -3.165375 0.345924
v 6.164335 -2.897408 0.345924
v 6.285652 -2.623848 0.345924
v 6.394836 -2.345224 0.345924
v 6.491676 -2.062072 0.345924
v 6.575986 -1.774940 0.345924
v 6.647602 -1.484382 0.345924
v 6.706386 -1.190958 0.345924
v 6.752226 -0.895236 0.345924
v 6.785031 -0.597786 0.345924
v 6.804740 -0.299182 0.345924
v 6.893654 0.000000 0.260472
v 6.887093 0.300697 0.260472
v 6.867422 0.600822 0.260472
v 6.834678 0.899802 0.260472
v 6.788924 1.197071 0.260472
v 6.730247 1.492060 0.260472
v 6.658759 1.784209 0.260472
v 6.574595 2.072962 0.260472
v 6.477916 2.357769 0.260472
v 6.368906 2.638087 0.260472
v 6.247773 2.913384 0.260472
v 6.114746 3.183135 0.260472
v 5.970080 3.446827 0.260472
v 5.814049 3.703958 0.260472
v 5.646951 3.954038 0.260472
v 5.469104 4.196591 0.260472
v 5.280846 4.431156 0.260472
v 5.082535 4.657285 0.260472
v 4.874550 4.874550 0.260472
v 4.657285 5.082535 0.260472
v 4.431156 5.280846 0.260472
v 4.196591 5.469104 0.260472
v 3.954038 5.646951 0.260472
v 3.703958 5.814049 0.260472
v 3.446827 5.970080 0.260472
v 3.183135 6.114746 0.260472
v 2.913384 6.247773 0.260472
v 2.638087 6.368906 0.260472
v 2.357769 6.477916 0.260472
v 2.072962 6.574595 0.260472
v 1.784209 6.658759 0.260472
v 1.492060 6.730247 0.260472
v 1.197071 6.788924 0.260472
v 0.899802 6.834678 0.260472
v 0.600822 6.867422 0.260472
v 0.300697 6.887093 0.260472
v 0.000000 6.893654 0.260472
v -0.300697 6.887093 0.260472
v -0.600822 6.867422 0.260472
v -0.899802 6.834678 0.260472
v -1.197071 6.788924 0.260472
v -1.492060 6.730247 0.260472
v -1.784209 6.658759 0.260472
v -2.072962 6.574595 0.260472
v -2.357769 6.477916 0.260472
v -2.638087 6.368906 0.260472
v -2.913384 6.247773 0.260472
v -3.183135 6.114746 0.260472
v -3.446827 5.970080 0.260472
v -3.703958 5.814049 0.260472
v -3.954038 5.646951 0.260472
v -4.196591 5.469104 0.260472
v -4.431156 5.280846 0.260472
v -4.657285 5.082535 0.260472
v -4.874550 4.874550 0.260472
v -5.082535 4.657285 0.260472
v -5.280846 4.431156 0.260472
v -5.469104 4.196591 0.260472
v -5.646951 3.954038 0.260472
v -5.814049 3.703958 0.260472
v -5.970080 3.446827 0.260472
v -6.114746 3.183135 0.260472
v -6.247773 2.913384 0.260472
v -6.368906 2.638087 0.260472
v -6.477916 2.357769 0.260472
v -6.574595 2.072962 0.260472
v -6.658759 1.784209 0.260472
v -6.730247 1.492060 0.260472
v -6.788924 1.197071 0.260472
v -6.834678 0.899802 0.260472
v -6.867422 0.600822 0.260472
v -6.887093 0.300697 0.260472
v -6.893654 0.000000 0.260472
v -6.887093 -0.300697 0.260472
v -6.867422 -0.600822 0.260472
v -6.834678 -0.899802 0.260472
v -6.788924 -1.197071 0.260472
v -6.730247 -1.492060 0.260472
v -6.658759 -1.784209 0.260472
v -6.574595 -2.072962 0.260472
v -6.477916 -2.357769 0.260472
v -6.368906 -2.638087 0.260472
v -6.247773 -2.913384 0.260472
v -6.114746 -3.183135 0.260472
v -5.970080 -3.446827 0.260472
v -5.814049 -3.703958 0.260472
v -5.646951 -3.954038 0.260472
v -5.469104 -4.196591 0.260472
v -5.280846 -4.431156 0.260472
v -5.082535 -4.657285 0.260472
v -4.874550 -4.874550 0.260472
v -4.657285 -5.082535 0.260472
v -4.431156 -5.280846 0.260472
v -4.196591 -5.469104 0.260472
v -3.954038 -5.646951 0.260472
v -3.703958 -5.814049 0.260472
v -3.446827 -5.970080 0.260472
v -3.183135 -6.114746 0.260472
v -2.913384 -6.247773 0.260472
v -2.638087 -6.368906 0.260472
v -2.357769 -6.477916 0.260472
v -2.072962 -6.574595 0.260472
v -1.784209 -6.658759 0.260472
v -1.492060 -6.730247 0.260472
v -1.197071 -6.788924 0.260472
v -0.899802 -6.834678 0.260472
v -0.600822 -6.867422 0.260472
v -0.300697 -6.887093 0.260472
v -0.000000 -6.893654 0.260472
v 0.300697 -6.887093 0.260472
v 0.600822 -6.867422 0.260472
v 0.899802 -6.834678 0.260472
v 1.197071 -6.788924 0.260472
v 1.492060 -6.730247 0.260472
v 1.784209 -6.658759 0.260472
v 2.072962 -6.574595 0.260472
v 2.357769 -6.477916 0.260472
v 2.638087 -6.368906 0.260472
v 2.913384 -6.247773 0.260472
v 3.183135 -6.114746 0.260472
v 3.446827 -5.970080 0.260472
v 3.703958 -5.814049 0.260472
v 3.954038 -5.646951 0.260472
v 4.196591 -5.469104 0.260472
v 4.431156 -5.280846 0.260472
v 4.657285 -5.082535 0.260472
v 4.874550 -4.874550 0.260472
v 5.082535 -4.657285 0.260472
v 5.280846 -4.431156 0.260472
v 5.469104 -4.196591 0.260472
v 5.646951 -3.954038 0.260472
v 5.814049 -3.703958 0.260472
v 5.970080 -3.446827 0.260472
v 6.114746 -3.183135 0.260472
v 6.247773 -2.913384 0.260472
v 6.368906 -2.638087 0.260472
v 6.477916 -2.357769 0.260472
v 6.574595 -2.072962 0.260472
v 6.658759 -1.784209 0.260472
v 6.730247 -1.492060 0.260472
v 6.788924 -1.197071 0.260472
v 6.834678 -0.899802 0.260472
v 6.867422 -0.600822 0.260472
v 6.887093 -0.300697 0.260472
v 5.091615 0.000000 1.029362
v 5.082840 0.298815 1.029362
v 5.056542 0.596599 1.029362
v 5.012814 0.892328 1.029362
v 4.951805 1.184980 1.029362
v 4.873726 1.473547 1.029362
v 4.778847 1.757034 1.029362
v 4.667494 2.034465 1.029362
v 4.540051 2.304883 1.029362
v 4.396958 2.567355 1.029362
v 4.238707 2.820977 1.029362
v 4.065845 3.064874 1.029362
v 3.878967 3.298206 1.029362
v 3.678717 3.520169 1.029362
v 3.465786 3.729996 1.029362
v 3.240908 3.926966 1.029362
v 3.004858 4.110399 1.029362
v 2.758449 4.279662 1.029362
v 2.502532 4.434172 1.029362
v 2.237987 4.573397 1.029362
v 1.965728 4.696857 1.029362
v 1.686692 4.804125 1.029362
v 1.401843 4.894833 1.029362
v 1.112160 4.968667 1.029362
v 0.818644 5.025373 1.029362
v 0.522306 5.064755 1.029362
v 0.224167 5.086678 1.029362
v -0.074744 5.091067 1.029362
v -0.373398 5.077905 1.029362
v -0.670764 5.047239 1.029362
v -0.965819 4.999174 1.029362
v -1.257544 4.933876 1.029362
v -1.544933 4.851570 1.029362
v -1.826998 4.752539 1.029362
v -2.102764 4.637125 1.029362
v -2.371281 4.505727 1.029362
v -2.631625 4.358796 1.029362
v -2.882896 4.196839 1.029362
v -3.124230 4.020415 1.029362
v -3.354793 3.830132 1.029362
v -3.573792 3.626646 1.029362
v -3.780472 3.410657 1.029362
v -3.974119 3.182912 1.029362
v -4.154067 2.944194 1.029362
v -4.319694 2.695327 1.029362
v -4.470431 2.437169 1.029362
v -4.605758 2.170609 1.029362
v -4.725207 1.896567 1.029362
v -4.828368 1.615987 1.029362
v -4.914884 1.329836 1.029362
v -4.984457 1.039101 1.029362
v -5.036849 0.744785 1.029362
v -5.071877 0.447900 1.029362
v -5.089421 0.149472 1.029362
v -5.089421 -0.149472 1.029362
v -5.071877 -0.447900 1.029362
v -5.036849 -0.744785 1.029362
v -4.984457 -1.039101 1.029362
v -4.914884 -1.329836 1.029362
v -4.828368 -1.615987 1.029362
v -4.725207 -1.896567 1.029362
v -4.605758 -2.170609 1.029362
v -4.470431 -2.437169 1.029362
v -4.319694 -2.695327 1.029362
v -4.154067 -2.944194 1.029362
v -3.974119 -3.182912 1.029362
v -3.780472 -3.410657 1.029362
v -3.573792 -3.626646 1.029362
v -3.354793 -3.830132 1.029362
v -3.124230 -4.020415 1.029362
v -2.882896 -4.196839 1.029362
v -2.631625 -4.358796 1.029362
v -2.371281 -4.505727 1.029362
v -2.102764 -4.637125 1.029362
v -1.826998 -4.752539 1.029362
v -1.544933 -4.851570 1.029362
v -1.257544 -4.933876 1.029362
v -0.965819 -4.999174 1.029362
v -0.670764 -5.047239 1.029362
v -0.373398 -5.077905 1.029362
v -0.074744 -5.091067 1.029362
v 0.224167 -5.086678 1.029362
v 0.522306 -5.064755 1.029362
v 0.818644 -5.025373 1.029362
v 1.112160 -4.968667 1.029362
v 1.401843 -4.894833 1.029362
v 1.686692 -4.804125 1.029362
v 1.965728 -4.696857 1.029362
v 2.237987 -4.573397 1.029362
v 2.502532 -4.434172 1.029362
v 2.758449 -4.279662 1.029362
v 3.004858 -4.110399 1.029362
v 3.240908 -3.926966 1.029362
v 3.465786 -3.729996 1.029362
v 3.678717 -3.520169 1.029362
v 3.878967 -3.298206 1.029362
v 4.065845 -3.064874 1.029362
v 4.238707 -2.820977 1.029362
v 4.396958 -2.567355 1.029362
v 4.540051 -2.304883 1.029362
v 4.667494 -2.034465 1.029362
v 4.778847 -1.757034 1.029362
v 4.873726 -1.473547 1.029362
v 4.951805 -1.184980 1.029362
v 5.012814 -0.892328 1.029362
v 5.056542 -0.596599 1.029362
v 5.082840 -0.298815 1.029362
f 1 2 3
f 1 3 4
f 1 4 5
f 1 5 6
f 1 6 7
f 1 7 8
f 1 8 9
f 1 9 10
f 1 10 2
f 2 11 12
f 2 12 3
f 3 12 13
f 3 13 14
f 3 14 4
f 4 14 15
f 4 15 16
f 4 16 5
f 5 16 17
f 5 17 18
f 5 18 6
f 6 18 19
f 6 19 20
f 6 20 7
f 7 20 21
f 7 21 22
f 7 22 8
f 8 22 23
f 8 23 24
f 8 24 9
f 9 24 25
f 9 25 26
f 9 26 10
f 10 26 27
f 10 27 2
f 2 27 11
f 11 28 29
f 11 29 12
f 12 29 30
f 12 30 13
f 13 30 31
f 13 31 32
f 13 32 14
f 14 32 33
f 14 33 15
f 15 33 34
f 15 34 35
f 15 35 16
f 16 35 36
f 16 36 17
f 17 36 37
f 17 37 38
f 17 38 18
f 18 38 39
f 18 39 19
f 19 39 40
f 19 40 41
f 19 41 20
f 20 41 42
f 20 42 21
f 21 42 43
f 21 43 44
f 21 44 22
f 22 44 45
f 22 45 23
f 23 45 46
f 23 46 47
f 23 47 24
f 24 47 48
f 24 48 25
f 25 48 49
f 25 49 50
f 25 50 26
f 26 50 51
f 26 51 27
f 27 51 52
f 27 52 11
f 11 52 28
f 28 53 54
f 28 54 29
f 29 54 55
f 29 55 30
f 30 55 56
f 30 56 57
f 30 57 31
f 31 57 58
f 31 58 32
f 32 58 59
f 32 59 33
f 33 59 60
f 33 60 61
f 33 61 34
f 34 61 62
f 34 62 35
f 35 62 63
f 35 63 36
f 36 63 64
f 36 64 65
f 36 65 37
f 37 65 66
f 37 66 38
f 38 66 67
f 38 67 39
f 39 67 68
f 39 68 69
f 39 69 40
f 40 69 70
f 40 70 41
f 41 70 71
f 41 71 72
f 41 72 42
f 42 72 73
f 42 73 43
f 43 73 74
f 43 74 44
f 44 74 75
f 44 75 76
f 44 76 45
f 45 76 77
f 45 77 46
f 46 77 78
f 46 78 47
f 47 78 79
f 47 79 80
f 47 80 48
f 48 80 81
f 48 81 49
f 49 81 82
f 49 82 50
f 50 82 83
f 50 83 84
f 50 84 51
f 51 84 85
f 51 85 52
f 52 85 86
f 52 86 28
f 28 86 53
f 53 87 88
f 53 88 54
f 54 88 89
f 54 89 55
f 55 89 90
f 55 90 56
f 56 90 91
f 56 91 57
f 57 91 92
f 57 92 93
f 57 93 58
f 58 93 94
f 58 94 59
f 59 94 95
f 59 95 60
f 60 95 96
f 60 96 61
f 61 96 97
f 61 97 98
f 61 98 62
f 62 98 99
f 62 99 63
f 63 99 100
f 63 100 64
f 64 100 101
f 64 101 65
f 65 101 102
f 65 102 103
f 65 103 66
f 66 103 104
f 66 104 67
f 67 104 105
f 67 105 68
f 68 105 106
f 68 106 69
f 69 106 107
f 69 107 70
f 70 107 108
f 70 108 109
f 70 109 71
f 71 109 110
f 71 110 72
f 72 110 111
f 72 111 73
f 73 111 112
f 73 112 74
f 74 112 113
f 74 113 114
f 74 114 75
f 75 114 115
f 75 115 76
f 76 115 116
f 76 116 77
f 77 116 117
f 77 117 78
f 78 117 118
f 78 118 119
f 78 119 79
f 79 119 120
f 79 120 80
f 80 120 121
f 80 121 81
f 81 121 122
f 81 122 82
f 82 122 123
f 82 123 124
f 82 124 83
f 83 124 125
f 83 125 84
f 84 125 126
f 84 126 85
f 85 126 127
f 85 127 86
f 86 127 128
f 86 128 53
f 53 128 87
f 87 129 130
f 87 130 88
f 88 130 131
f 88 131 89
f 89 131 132
f 89 132 90
f 90 132 133
f 90 133 91
f 91 133 134
f 91 134 92
f 92 134 135
f 92 135 136
f 92 136 93
f 93 136 137
f 93 137 94
f 94 137 138
f 94 138 95
f 95 138 139
f 95 139 96
f 96 139 140
f 96 140 97
f 97 140 141
f 97 141 142
f 97 142 98
f 98 142 143
f 98 143 99
f 99 143 144
f 99 144 100
f 100 144 145
f 100 145 101
f 101 145 146
f 101 146 102
f 102 146 147
f 102 147 148
f 102 148 103
f 103 148 149
f 103 149 104
f 104 149 150
f 104 150 105
f 105 150 151
f 105 151 106
f 106 151 152
f 106 152 107
f 107 152 153
f 107 153 108
f 108 153 154
f 108 154 155
f 108 155 109
f 109 155 156
f 109 156 110
f 110 156 157
f 110 157 111
f 111 157 158
f 111 158 112
f 112 158 159
f 112 159 113
f 113 159 160
f 113 160 161
f 113 161 114
f 114 161 162
f 114 162 115
f 115 162 163
f 115 163 116
f 116 163 164
f 116 164 117
f 117 164 165
f 117 165 118
f 118 165 166
f 118 166 167
f 118 167 119
f 119 167 168
f 119 168 120
f 120 168 169
f 120 169 121
f 121 169 170
f 121 170 122
f 122 170 171
f 122 171 123
f 123 171 172
f 123 172 173
f 123 173 124
f 124 173 174
f 124 174 125
f 125 174 175
f 125 175 126
f 126 175 176
f 126 176 127
f 127 176 177
f 127 177 128
f 128 177 178
f 128 178 87
f 87 178 129
f 129 179 180
f 129 180 130
f 130 180 181
f 130 181 131
f 131 181 182
f 131 182 132
f 132 182 183
f 132 183 133
f 133 183 184
f 133 184 134
f 134 184 185
f 134 185 135
f 135 185 186
f 135 186 187
f 135 187 136
f 136 187 188
f 136 188 137
f 137 188 189
f 137 189 138
f 138 189 190
f 138 190 139
f 139 190 191
f 139 191 140
f 140 191 192
f 140 192 141
f 141 192 193
f 141 193 194
f 141 194 142
f 142 194 195
f 142 195 143
f 143 195 196
f 143 196 144
f 144 196 197
f 144 197 145
f 145 197 198
f 145 198 146
f 146 198 199
f 146 199 147
f 147 199 200
f 147 200 201
f 147 201 148
f 148 201 202
f 148 202 149
f 149 202 203
f 149 203 150
f 150 203 204
f 150 204 151
f 151 204 205
f 151 205 152
f 152 205 206
f 152 206 153
f 153 206 207
f 153 207 154
f 154 207 208
f 154 208 209
f 154 209 155
f 155 209 210
f 155 210 156
f 156 210 211
f 156 211 157
f 157 211 212
f 157 212 158
f 158 212 213
f 158 213 159
f 159 213 214
f 159 214 160
f 160 214 215
f 160 215 216
f 160 216 161
f 161 216 217
f 161 217 162
f 162 217 218
f 162 218 163
f 163 218 219
f 163 219 164
f 164 219 220
f 164 220 165
f 165 220 221
f 165 221 166
f 166 221 222
f 166 222 223
f 166 223 167
f 167 223 224
f 167 224 168
f 168 224 225
f 168 225 169
f 169 225 226
f 169 226 170
f 170 226 227
f 170 227 171
f 171 227 228
f 171 228 172
f 172 228 229
f 172 229 230
f 172 230 173
f 173 230 231
f 173 231 174
f 174 231 232
f 174 232 175
f 175 232 233
f 175 233 176
f 176 233 234
f 176 234 177
f 177 234 235
f 177 235 178
f 178 235 236
f 178 236 129
f 129 236 179
f 179 237 238
f 179 238 180
f 180 238 239
f 180 239 181
f 181 239 240
f 181 240 182
f 182 240 241
f 182 241 183
f 183 241 242
f 183 242 184
f 184 242 243
f 184 243 185
f 185 243 244
f 185 244 186
f 186 244 245
f 186 245 246
f 186 246 187
f 187 246 247
f 187 247 188
f 188 247 248
f 188 248 189
f 189 248 249
f 189 249 190
f 190 249 250
f 190 250 191
f 191 250 251
f 191 251 192
f 192 251 252
f 192 252 193
f 193 252 253
f 193 253 254
f 193 254 194
f 194 254 255
f 194 255 195
f 195 255 256
f 195 256 196
f 196 256 257
f 196 257 197
f 197 257 258
f 197 258 198
f 198 258 259
f 198 259 199
f 199 259 260
f 199 260 200
f 200 260 261
f 200 261 262
f 200 262 201
f 201 262 263
f 201 263 202
f 202 263 264
f 202 264 203
f 203 264 265
f 203 265 204
f 204 265 266
f 204 266 205
f 205 266 267
f 205 267 206
f 206 267 268
f 206 268 207
f 207 268 269
f 207 269 208
f 208 269 270
f 208 270 271
f 208 271 209
f 209 271 272
f 209 272 210
f 210 272 273
f 210 273 211
f 211 273 274
f 211 274 212
f 212 274 275
f 212 275 213
f 213 275 276
f 213 276 214
f 214 276 277
f 214 277 215
f 215 277 278
f 215 278 279
f 215 279 216
f 216 279 280
f 216 280 217
f 217 280 281
f 217 281 218
f 218 281 282
f 218 282 219
f 219 282 283
f 219 283 220
f 220 283 284
f 220 284 221
f 221 284 285
f 221 285 222
f 222 285 286
f 222 286 287
f 222 287 223
f 223 287 288
f 223 288 224
f 224 288 289
f 224 289 225
f 225 289 290
f 225 290 226
f 226 290 291
f 226 291 227
f 227 291 292
f 227 292 228
f 228 292 293
f 228 293 229
f 229 293 294
f 229 294 295
f 229 295 230
f 230 295 296
f 230 296 231
f 231 296 297
f 231 297 232
f 232 297 298
f 232 298 233
f 233 298 299
f 233 299 234
f 234 299 300
f 234 300 235
f 235 300 301
f 235 301 236
f 236 301 302
f 236 302 179
f 179 302 237
f 237 303 304
f 237 304 238
f 238 304 305
f 238 305 239
f 239 305 306
f 239 306 240
f 240 306 307
f 240 307 241
f 241 307 308
f 241 308 242
f 242 308 309
f 242 309 243
f 243 309 310
f 243 310 244
f 244 310 311
f 244 311 245
f 245 311 312
f 245 312 246
f 246 312 313
f 246 313 314
f 246 314 247
f 247 314 315
f 247 315 248
f 248 315 316
f 248 316 249
f 249 316 317
f 249 317 250
f 250 317 318
f 250 318 251
f 251 318 319
f 251 319 252
f 252 319 320
f 252 320 253
f 253 320 321
f 253 321 254
f 254 321 322
f 254 322 255
f 255 322 323
f 255 323 324
f 255 324 256
f 256 324 325
f 256 325 257
f 257 325 326
f 257 326 258
f 258 326 327
f 258 327 259
f 259 327 328
f 259 328 260
f 260 328 329
f 260 329 261
f 261 329 330
f 261 330 262
f 262 330 331
f 262 331 263
f 263 331 332
f 263 332 264
f 264 332 333
f 264 333 265
f 265 333 334
f 265 334 335
f 265 335 266
f 266 335 336
f 266 336 267
f 267 336 337
f 267 337 268
f 268 337 338
f 268 338 269
f 269 338 339
f 269 339 270
f 270 339 340
f 270 340 271
f 271 340 341
f 271 341 272
f 272 341 342
f 272 342 273
f 273 342 343
f 273 343 274
f 274 343 344
f 274 344 345
f 274 345 275
f 275 345 346
f 275 346 276
f 276 346 347
f 276 347 277
f 277 347 348
f 277 348 278
f 278 348 349
f 278 349 279
f 279 349 350
f 279 350 280
f 280 350 351
f 280 351 281
f 281 351 352
f 281 352 282
f 282 352 353
f 282 353 283
f 283 353 354
f 283 354 284
f 284 354 355
f 284 355 356
f 284 356 285
f 285 356 357
f 285 357 286
f 286 357 358
f 286 358 287
f 287 358 359
f 287 359 288
f 288 359 360
f 288 360 289
f 289 360 361
f 289 361 290
f 290 361 362
f 290 362 291
f 291 362 363
f 291 363 292
f 292 363 364
f 292 364 293
f 293 364 365
f 293 365 366
f 293 366 294
f 294 366 367
f 294 367 295
f 295 367 368
f 295 368 296
f 296 368 369
f 296 369 297
f 297 369 370
f 297 370 298
f 298 370 371
f 298 371 299
f 299 371 372
f 299 372 300
f 300 372 373
f 300 373 301
f 301 373 374
f 301 374 302
f 302 374 375
f 302 375 237
f 237 375 303
f 303 376 377
f 303 377 304
f 304 377 378
f 304 378 305
f 305 378 379
f 305 379 306
f 306 379 380
f 306 380 307
f 307 380 381
f 307 381 308
f 308 381 382
f 308 382 309
f 309 382 383
f 309 383 310
f 310 383 384
f 310 384 311
f 311 384 385
f 311 385 312
f 312 385 386
f 312 386 387
f 312 387 313
f 313 387 388
f 313 388 314
f 314 388 389
f 314 389 315
f 315 389 390
f 315 390 316
f 316 390 391
f 316 391 317
f 317 391 392
f 317 392 318
f 318 392 393
f 318 393 319
f 319 393 394
f 319 394 320
f 320 394 395
f 320 395 321
f 321 395 396
f 321 396 397
f 321 397 322
f 322 397 398
f 322 398 323
f 323 398 399
f 323 399 324
f 324 399 400
f 324 400 325
f 325 400 401
f 325 401 326
f 326 401 402
f 326 402 327
f 327 402 403
f 327 403 328
f 328 403 404
f 328 404 329
f 329 404 405
f 329 405 330
f 330 405 406
f 330 406 407
f 330 407 331
f 331 407 408
f 331 408 332
f 332 408 409
f 332 409 333
f 333 409 410
f 333 410 334
f 334 410 411
f 334 411 335
f 335 411 412
f 335 412 336
f 336 412 413
f 336 413 337
f 337 413 414
f 337 414 338
f 338 414 415
f 338 415 339
f 339 415 416
f 339 416 417
f 339 417 340
f 340 417 418
f 340 418 341
f 341 418 419
f 341 419 342
f 342 419 420
f 342 420 343
f 343 420 421
f 343 421 344
f 344 421 422
f 344 422 345
f 345 422 423
f 345 423 346
f 346 423 424
f 346 424 347
f 347 424 425
f 347 425 348
f 348 425 426
f 348 426 427
f 348 427 349
f 349 427 428
f 349 428 350
f 350 428 429
f 350 429 351
f 351 429 430
f 351 430 352
f 352 430 431
f 352 431 353
f 353 431 432
f 353 432 354
f 354 432 433
f 354 433 355
f 355 433 434
f 355 434 356
f 356 434 435
f 356 435 357
f 357 435 436
f 357 436 437
f 357 437 358
f 358 437 438
f 358 438 359
f 359 438 439
f 359 439 360
f 360 439 440
f 360 440 361
f 361 440 441
f 361 441 362
f 362 441 442
f 362 442 363
f 363 442 443
f 363 443 364
f 364 443 444
f 364 444 365
f 365 444 445
f 365 445 366
f 366 445 446
f 366 446 447
f 366 447 367
f 367 447 448
f 367 448 368
f 368 448 449
f 368 449 369
f 369 449 450
f 369 450 370
f 370 450 451
f 370 451 371
f 371 451 452
f 371 452 372
f 372 452 453
f 372 453 373
f 373 453 454
f 373 454 374
f 374 454 455
f 374 455 375
f 375 455 456
f 375 456 303
f 303 456 376
f 376 457 458
f 376 458 377
f 377 458 459
f 377 459 378
f 378 459 460
f 378 460 379
f 379 460 461
f 379 461 380
f 380 461 462
f 380 462 381
f 381 462 463
f 381 463 382
f 382 463 464
f 382 464 383
f 383 464 465
f 383 465 384
f 384 465 466
f 384 466 385
f 385 466 467
f 385 467 386
f 386 467 468
f 386 468 387
f 387 468 469
f 387 469 470
f 387 470 388
f 388 470 471
f 388 471 389
f 389 471 472
f 389 472 390
f 390 472 473
f 390 473 391
f 391 473 474
f 391 474 392
f 392 474 475
f 392 475 393
f 393 475 476
f 393 476 394
f 394 476 477
f 394 477 395
f 395 477 478
f 395 478 396
f 396 478 479
f 396 479 397
f 397 479 480
f 397 480 398
f 398 480 481
f 398 481 399
f 399 481 482
f 399 482 483
f 399 483 400
f 400 483 484
f 400 484 401
f 401 484 485
f 401 485 402
f 402 485 486
f 402 486 403
f 403 486 487
f 403 487 404
f 404 487 488
f 404 488 405
f 405 488 489
f 405 489 406
f 406 489 490
f 406 490 407
f 407 490 491
f 407 491 408
f 408 491 492
f 408 492 409
f 409 492 493
f 409 493 410
f 410 493 494
f 410 494 495
f 410 495 411
f 411 495 496
f 411 496 412
f 412 496 497
f 412 497 413
f 413 497 498
f 413 498 414
f 414 498 499
f 414 499 415
f 415 499 500
f 415 500 416
f 416 500 501
f 416 501 417
f 417 501 502
f 417 502 418
f 418 502 503
f 418 503 419
f 419 503 504
f 419 504 420
f 420 504 505
f 420 505 421
f 421 505 506
f 421 506 422
f 422 506 507
f 422 507 508
f 422 508 423
f 423 508 509
f 423 509 424
f 424 509 510
f 424 510 425
f 425 510 511
f 425 511 426
f 426 511 512
f 426 512 427
f 427 512 513
f 427 513 428
f 428 513 514
f 428 514 429
f 429 514 515
f 429 515 430
f 430 515 516
f 430 516 431
f 431 516 517
f 431 517 432
f 432 517 518
f 432 518 433
f 433 518 519
f 433 519 520
f 433 520 434
f 434 520 521
f 434 521 435
f 435 521 522
f 435 522 436
f 436 522 523
f 436 523 437
f 437 523 524
f 437 524 438
f 438 524 525
f 438 525 439
f 439 525 526
f 439 526 440
f 440 526 527
f 440 527 441
f 441 527 528
f 441 528 442
f 442 528 529
f 442 529 443
f 443 529 530
f 443 530 444
f 444 530 531
f 444 531 445
f 445 531 532
f 445 532 533
f 445 533 446
f 446 533 534
f 446 534 447
f 447 534 535
f 447 535 448
f 448 535 536
f 448 536 449
f 449 536 537
f 449 537 450
f 450 537 538
f 450 538 451
f 451 538 539
f 451 539 452
f 452 539 540
f 452 540 453
f 453 540 541
f 453 541 454
f 454 541 542
f 454 542 455
f 455 542 543
f 455 543 456
f 456 543 544
f 456 544 376
f 376 544 457
f 457 545 546
f 457 546 458
f 458 546 547
f 458 547 459
f 459 547 548
f 459 548 460
f 460 548 549
f 460 549 461
f 461 549 550
f 461 550 462
f 462 550 551
f 462 551 463
f 463 551 552
f 463 552 464
f 464 552 553
f 464 553 465
f 465 553 554
f 465 554 466
f 466 554 555
f 466 555 467
f 467 555 556
f 467 556 468
f 468 556 557
f 468 557 469
f 469 557 558
f 469 558 470
f 470 558 559
f 470 559 471
f 471 559 560
f 471 560 561
f 471 561 472
f 472 561 562
f 472 562 473
f 473 562 563
f 473 563 474
f 474 563 564
f 474 564 475
f 475 564 565
f 475 565 476
f 476 565 566
f 476 566 477
f 477 566 567
f 477 567 478
f 478 567 568
f 478 568 479
f 479 568 569
f 479 569 480
f 480 569 570
f 480 570 481
f 481 570 571
f 481 571 482
f 482 571 572
f 482 572 483
f 483 572 573
f 483 573 484
f 484 573 574
f 484 574 485
f 485 574 575
f 485 575 486
f 486 575 576
f 486 576 577
f 486 577 487
f 487 577 578
f 487 578 488
f 488 578 579
f 488 579 489
f 489 579 580
f 489 580 490
f 490 580 581
f 490 581 491
f 491 581 582
f 491 582 492
f 492 582 583
f 492 583 493
f 493 583 584
f 493 584 494
f 494 584 585
f 494 585 495
f 495 585 586
f 495 586 496
f 496 586 587
f 496 587 497
f 497 587 588
f 497 588 498
f 498 588 589
f 498 589 499
f 499 589 590
f 499 590 500
f 500 590 591
f 500 591 501
f 501 591 592
f 501 592 593
f 501 593 502
f 502 593 594
f 502 594 503
f 503 594 595
f 503 595 504
f 504 595 596
f 504 596 505
f 505 596 597
f 505 597 506
f 506 597 598
f 506 598 507
f 507 598 599
f 507 599 508
f 508 599 600
f 508 600 509
f 509 600 601
f 509 601 510
f 510 601 602
f 510 602 511
f 511 602 603
f 511 603 512
f 512 603 604
f 512 604 513
f 513 604 605
f 513 605 514
f 514 605 606
f 514 606 515
f 515 606 607
f 515 607 608
f 515 608 516
f 516 608 609
f 516 609 517
f 517 609 610
f 517 610 518
f 518 610 611
f 518 611 519
f 519 611 612
f 519 612 520
f 520 612 613
f 520 613 521
f 521 613 614
f 521 614 522
f 522 614 615
f 522 615 523
f 523 615 616
f 523 616 524
f 524 616 617
f 524 617 525
f 525 617 618
f 525 618 526
f 526 618 619
f 526 619 527
f 527 619 620
f 527 620 528
f 528 620 621
f 528 621 529
f 529 621 622
f 529 622 530
f 530 622 623
f 530 623 624
f 530 624 531
f 531 624 625
f 531 625 532
f 532 625 626
f 532 626 533
f 533 626 627
f 533 627 534
f 534 627 628
f 534 628 535
f 535 628 629
f 535 629 536
f 536 629 630
f 536 630 537
f 537 630 631
f 537 631 538
f 538 631 632
f 538 632 539
f 539 632 633
f 539 633 540
f 540 633 634
f 540 634 541
f 541 634 635
f 541 635 542
f 542 635 636
f 542 636 543
f 543 636 637
f 543 637 544
f 544 637 638
f 544 638 457
f 457 638 545
f 545 639 640
f 545 640 546
f 546 640 641
f 546 641 547
f 547 641 642
f 547 642 548
f 548 642 643
f 548 643 549
f 549 643 644
f 549 644 550
f 550 644 645
f 550 645 551
f 551 645 646
f 551 646 552
f 552 646 647
f 552 647 553
f 553 647 648
f 553 648 554
f 554 648 649
f 554 649 555
f 555 649 650
f 555 650 556
f 556 650 651
f 556 651 557
f 557 651 652
f 557 652 558
f 558 652 653
f 558 653 654
f 558 654 559
f 559 654 655
f 559 655 560
f 560 655 656
f 560 656 561
f 561 656 657
f 561 657 562
f 562 657 658
f 562 658 563
f 563 658 659
f 563 659 564
f 564 659 660
f 564 660 565
f 565 660 661
f 565 661 566
f 566 661 662
f 566 662 567
f 567 662 663
f 567 663 568
f 568 663 664
f 568 664 569
f 569 664 665
f 569 665 570
f 570 665 666
f 570 666 571
f 571 666 667
f 571 667 668
f 571 668 572
f 572 668 669
f 572 669 573
f 573 669 670
f 573 670 574
f 574 670 671
f 574 671 575
f 575 671 672
f 575 672 576
f 576 672 673
f 576 673 577
f 577 673 674
f 577 674 578
f 578 674 675
f 578 675 579
f 579 675 676
f 579 676 580
f 580 676 677
f 580 677 581
f 581 677 678
f 581 678 582
f 582 678 679
f 582 679 583
f 583 679 680
f 583 680 584
f 584 680 681
f 584 681 585
f 585 681 682
f 585 682 683
f 585 683 586
f 586 683 684
f 586 684 587
f 587 684 685
f 587 685 588
f 588 685 686
f 588 686 589
f 589 686 687
f 589 687 590
f 590 687 688
f 590 688 591
f 591 688 689
f 591 689 592
f 592 689 690
f 592 690 593
f 593 690 691
f 593 691 594
f 594 691 692
f 594 692 595
f 595 692 693
f 595 693 596
f 596 693 694
f 596 694 597
f 597 694 695
f 597 695 598
f 598 695 696
f 598 696 697
f 598 697 599
f 599 697 698
f 599 698 600
f 600 698 699
f 600 699 601
f 601 699 700
f 601 700 602
f 602 700 701
f 602 701 603
f 603 701 702
f 603 702 604
f 604 702 703
f 604 703 605
f 605 703 704
f 605 704 606
f 606 704 705
f 606 705 607
f 607 705 706
f 607 706 608
f 608 706 707
f 608 707 609
f 609 707 708
f 609 708 610
f 610 708 709
f 610 709 611
f 611 709 710
f 611 710 612
f 612 710 711
f 612 711 712
f 612 712 613
f 613 712 713
f 613 713 614
f 614 713 714
f 614 714 615
f 615 714 715
f 615 715 616
f 616 715 716
f 616 716 617
f 617 716 717
f 617 717 618
f 618 717 718
f 618 718 619
f 619 718 719
f 619 719 620
f 620 719 720
f 620 720 621
f 621 720 721
f 621 721 622
f 622 721 722
f 622 722 623
f 623 722 723
f 623 723 624
f 624 723 724
f 624 724 625
f 625 724 725
f 625 725 726
f 625 726 626
f 626 726 727
f 626 727 627
f 627 727 728
f 627 728 628
f 628 728 729
f 628 729 629
f 629 729 730
f 629 730 630
f 630 730 731
f 630 731 631
f 631 731 732
f 631 732 632
f 632 732 733
f 632 733 633
f 633 733 734
f 633 734 634
f 634 734 735
f 634 735 635
f 635 735 736
f 635 736 636
f 636 736 737
f 636 737 637
f 637 737 738
f 637 738 638
f 638 738 739
f 638 739 545
f 545 739 639
f 639 740 741
f 639 741 640
f 640 741 742
f 640 742 641
f 641 742 743
f 641 743 642
f 642 743 744
f 642 744 643
f 643 744 745
f 643 745 644
f 644 745 746
f 644 746 645
f 645 746 747
f 645 747 646
f 646 747 748
f 646 748 647
f 647 748 749
f 647 749 648
f 648 749 750
f 648 750 649
f 649 750 751
f 649 751 650
f 650 751 752
f 650 752 651
f 651 752 753
f 651 753 652
f 652 753 754
f 652 754 653
f 653 754 755
f 653 755 654
f 654 755 756
f 654 756 655
f 655 756 757
f 655 757 758
f 655 758 656
f 656 758 759
f 656 759 657
f 657 759 760
f 657 760 658
f 658 760 761
f 658 761 659
f 659 761 762
f 659 762 660
f 660 762 763
f 660 763 661
f 661 763 764
f 661 764 662
f 662 764 765
f 662 765 663
f 663 765 766
f 663 766 664
f 664 766 767
f 664 767 665
f 665 767 768
f 665 768 666
f 666 768 769
f 666 769 667
f 667 769 770
f 667 770 668
f 668 770 771
f 668 771 669
f 669 771 772
f 669 772 670
f 670 772 773
f 670 773 671
f 671 773 774
f 671 774 672
f 672 774 775
f 672 775 776
f 672 776 673
f 673 776 777
f 673 777 674
f 674 777 778
f 674 778 675
f 675 778 779
f 675 779 676
f 676 779 780
f 676 780 677
f 677 780 781
f 677 781 678
f 678 781 782
f 678 782 679
f 679 782 783
f 679 783 680
f 680 783 784
f 680 784 681
f 681 784 785
f 681 785 682
f 682 785 786
f 682 786 683
f 683 786 787
f 683 787 684
f 684 787 788
f 684 788 685
f 685 788 789
f 685 789 686
f 686 789 790
f 686 790 687
f 687 790 791
f 687 791 688
f 688 791 792
f 688 792 689
f 689 792 793
f 689 793 794
f 689 794 690
f 690 794 795
f 690 795 691
f 691 795 796
f 691 796 692
f 692 796 797
f 692 797 693
f 693 797 798
f 693 798 694
f 694 798 799
f 694 799 695
f 695 799 800
f 695 800 696
f 696 800 801
f 696 801 697
f 697 801 802
f 697 802 698
f 698 802 803
f 698 803 699
f 699 803 804
f 699 804 700
f 700 804 805
f 700 805 701
f 701 805 806
f 701 806 702
f 702 806 807
f 702 807 703
f 703 807 808
f 703 808 704
f 704 808 809
f 704 809 705
f 705 809 810
f 705 810 706
f 706 810 811
f 706 811 812
f 706 812 707
f 707 812 813
f 707 813 708
f 708 813 814
f 708 814 709
f 709 814 815
f 709 815 710
f 710 815 816
f 710 816 711
f 711 816 817
f 711 817 712
f 712 817 818
f 712 818 713
f 713 818 819
f 713 819 714
f 714 819 820
f 714 820 715
f 715 820 821
f 715 821 716
f 716 821 822
f 716 822 717
f 717 822 823
f 717 823 718
f 718 823 824
f 718 824 719
f 719 824 825
f 719 825 720
f 720 825 826
f 720 826 721
f 721 826 827
f 721 827 722
f 722 827 828
f 722 828 723
f 723 828 829
f 723 829 830
f 723 830 724
f 724 830 831
f 724 831 725
f 725 831 832
f 725 832 726
f 726 832 833
f 726 833 727
f 727 833 834
f 727 834 728
f 728 834 835
f 728 835 729
f 729 835 836
f 729 836 730
f 730 836 837
f 730 837 731
f 731 837 838
f 731 838 732
f 732 838 839
f 732 839 733
f 733 839 840
f 733 840 734
f 734 840 841
f 734 841 735
f 735 841 842
f 735 842 736
f 736 842 843
f 736 843 737
f 737 843 844
f 737 844 738
f 738 844 845
f 738 845 739
f 739 845 846
f 739 846 639
f 639 846 740
f 2157 847 848
f 2157 848 2158
f 2158 848 849
f 2158 849 2159
f 2159 849 850
f 2159 850 2160
f 2160 850 851
f 2160 851 2161
f 2161 851 852
f 2161 852 2162
f 2162 852 853
f 2162 853 2163
f 2163 853 854
f 2163 854 2164
f 2164 854 855
f 2164 855 2165
f 2165 855 856
f 2165 856 2166
f 2166 856 857
f 2166 857 2167
f 2167 857 858
f 2167 858 2168
f 2168 858 859
f 2168 859 2169
f 2169 859 860
f 2169 860 2170
f 2170 860 861
f 2170 861 2171
f 2171 861 862
f 2171 862 2172
f 2172 862 863
f 2172 863 2173
f 2173 863 864
f 2173 864 2174
f 2174 864 865
f 2174 865 2175
f 2175 865 866
f 2175 866 2176
f 2176 866 867
f 2176 867 2177
f 2177 867 868
f 2177 868 2178
f 2178 868 869
f 2178 869 870
f 2178 870 2179
f 2179 870 871
f 2179 871 2180
f 2180 871 872
f 2180 872 2181
f 2181 872 873
f 2181 873 2182
f 2182 873 874
f 2182 874 2183
f 2183 874 875
f 2183 875 2184
f 2184 875 876
f 2184 876 2185
f 2185 876 877
f 2185 877 2186
f 2186 877 878
f 2186 878 2187
f 2187 878 879
f 2187 879 2188
f 2188 879 880
f 2188 880 2189
f 2189 880 881
f 2189 881 2190
f 2190 881 882
f 2190 882 2191
f 2191 882 883
f 2191 883 2192
f 2192 883 884
f 2192 884 2193
f 2193 884 885
f 2193 885 2194
f 2194 885 886
f 2194 886 2195
f 2195 886 887
f 2195 887 2196
f 2196 887 888
f 2196 888 2197
f 2197 888 889
f 2197 889 2198
f 2198 889 890
f 2198 890 2199
f 2199 890 891
f 2199 891 892
f 2199 892 2200
f 2200 892 893
f 2200 893 2201
f 2201 893 894
f 2201 894 2202
f 2202 894 895
f 2202 895 2203
f 2203 895 896
f 2203 896 2204
f 2204 896 897
f 2204 897 2205
f 2205 897 898
f 2205 898 2206
f 2206 898 899
f 2206 899 2207
f 2207 899 900
f 2207 900 2208
f 2208 900 901
f 2208 901 2209
f 2209 901 902
f 2209 902 2210
f 2210 902 903
f 2210 903 2211
f 2211 903 904
f 2211 904 2212
f 2212 904 905
f 2212 905 2213
f 2213 905 906
f 2213 906 2214
f 2214 906 907
f 2214 907 2215
f 2215 907 908
f 2215 908 2216
f 2216 908 909
f 2216 909 2217
f 2217 909 910
f 2217 910 2218
f 2218 910 911
f 2218 911 2219
f 2219 911 912
f 2219 912 2220
f 2220 912 913
f 2220 913 2221
f 2221 913 914
f 2221 914 915
f 2221 915 2222
f 2222 915 916
f 2222 916 2223
f 2223 916 917
f 2223 917 2224
f 2224 917 918
f 2224 918 2225
f 2225 918 919
f 2225 919 2226
f 2226 919 920
f 2226 920 2227
f 2227 920 921
f 2227 921 2228
f 2228 921 922
f 2228 922 2229
f 2229 922 923
f 2229 923 2230
f 2230 923 924
f 2230 924 2231
f 2231 924 925
f 2231 925 2232
f 2232 925 926
f 2232 926 2233
f 2233 926 927
f 2233 927 2234
f 2234 927 928
f 2234 928 2235
f 2235 928 929
f 2235 929 2236
f 2236 929 930
f 2236 930 2237
f 2237 930 931
f 2237 931 2238
f 2238 931 932
f 2238 932 2239
f 2239 932 933
f 2239 933 2240
f 2240 933 934
f 2240 934 2241
f 2241 934 935
f 2241 935 2242
f 2242 935 936
f 2242 936 937
f 2242 937 2243
f 2243 937 938
f 2243 938 2244
f 2244 938 939
f 2244 939 2245
f 2245 939 940
f 2245 940 2246
f 2246 940 941
f 2246 941 2247
f 2247 941 942
f 2247 942 2248
f 2248 942 943
f 2248 943 2249
f 2249 943 944
f 2249 944 2250
f 2250 944 945
f 2250 945 2251
f 2251 945 946
f 2251 946 2252
f 2252 946 947
f 2252 947 2253
f 2253 947 948
f 2253 948 2254
f 2254 948 949
f 2254 949 2255
f 2255 949 950
f 2255 950 2256
f 2256 950 951
f 2256 951 2257
f 2257 951 952
f 2257 952 2258
f 2258 952 953
f 2258 953 2259
f 2259 953 954
f 2259 954 2260
f 2260 954 955
f 2260 955 2261
f 2261 955 956
f 2261 956 2262
f 2262 956 957
f 2262 957 2263
f 2263 957 958
f 2263 958 2157
f 2157 958 847
f 847 959 960
f 847 960 848
f 848 960 961
f 848 961 849
f 849 961 962
f 849 962 850
f 850 962 963
f 850 963 851
f 851 963 964
f 851 964 852
f 852 964 965
f 852 965 853
f 853 965 966
f 853 966 854
f 854 966 967
f 854 967 855
f 855 967 968
f 855 968 856
f 856 968 969
f 856 969 857
f 857 969 970
f 857 970 858
f 858 970 971
f 858 971 859
f 859 971 972
f 859 972 860
f 860 972 973
f 860 973 861
f 861 973 974
f 861 974 862
f 862 974 975
f 862 975 863
f 863 975 976
f 863 976 864
f 864 976 977
f 864 977 865
f 865 977 978
f 865 978 979
f 865 979 866
f 866 979 980
f 866 980 867
f 867 980 981
f 867 981 868
f 868 981 982
f 868 982 869
f 869 982 983
f 869 983 870
f 870 983 984
f 870 984 871
f 871 984 985
f 871 985 872
f 872 985 986
f 872 986 873
f 873 986 987
f 873 987 874
f 874 987 988
f 874 988 875
f 875 988 989
f 875 989 876
f 876 989 990
f 876 990 877
f 877 990 991
f 877 991 878
f 878 991 992
f 878 992 879
f 879 992 993
f 879 993 880
f 880 993 994
f 880 994 881
f 881 994 995
f 881 995 882
f 882 995 996
f 882 996 883
f 883 996 997
f 883 997 884
f 884 997 998
f 884 998 999
f 884 999 885
f 885 999 1000
f 885 1000 886
f 886 1000 1001
f 886 1001 887
f 887 1001 1002
f 887 1002 888
f 888 1002 1003
f 888 1003 889
f 889 1003 1004
f 889 1004 890
f 890 1004 1005
f 890 1005 891
f 891 1005 1006
f 891 1006 892
f 892 1006 1007
f 892 1007 893
f 893 1007 1008
f 893 1008 894
f 894 1008 1009
f 894 1009 895
f 895 1009 1010
f 895 1010 896
f 896 1010 1011
f 896 1011 897
f 897 1011 1012
f 897 1012 898
f 898 1012 1013
f 898 1013 899
f 899 1013 1014
f 899 1014 900
f 900 1014 1015
f 900 1015 901
f 901 1015 1016
f 901 1016 902
f 902 1016 1017
f 902 1017 903
f 903 1017 1018
f 903 1018 1019
f 903 1019 904
f 904 1019 1020
f 904 1020 905
f 905 1020 1021
f 905 1021 906
f 906 1021 1022
f 906 1022 907
f 907 1022 1023
f 907 1023 908
f 908 1023 1024
f 908 1024 909
f 909 1024 1025
f 909 1025 910
f 910 1025 1026
f 910 1026 911
f 911 1026 1027
f 911 1027 912
f 912 1027 1028
f 912 1028 913
f 913 1028 1029
f 913 1029 914
f 914 1029 1030
f 914 1030 915
f 915 1030 1031
f 915 1031 916
f 916 1031 1032
f 916 1032 917
f 917 1032 1033
f 917 1033 918
f 918 1033 1034
f 918 1034 919
f 919 1034 1035
f 919 1035 920
f 920 1035 1036
f 920 1036 921
f 921 1036 1037
f 921 1037 1038
f 921 1038 922
f 922 1038 1039
f 922 1039 923
f 923 1039 1040
f 923 1040 924
f 924 1040 1041
f 924 1041 925
f 925 1041 1042
f 925 1042 926
f 926 1042 1043
f 926 1043 927
f 927 1043 1044
f 927 1044 928
f 928 1044 1045
f 928 1045 929
f 929 1045 1046
f 929 1046 930
f 930 1046 1047
f 930 1047 931
f 931 1047 1048
f 931 1048 932
f 932 1048 1049
f 932 1049 933
f 933 1049 1050
f 933 1050 934
f 934 1050 1051
f 934 1051 935
f 935 1051 1052
f 935 1052 936
f 936 1052 1053
f 936 1053 937
f 937 1053 1054
f 937 1054 938
f 938 1054 1055
f 938 1055 939
f 939 1055 1056
f 939 1056 940
f 940 1056 1057
f 940 1057 1058
f 940 1058 941
f 941 1058 1059
f 941 1059 942
f 942 1059 1060
f 942 1060 943
f 943 1060 1061
f 943 1061 944
f 944 1061 1062
f 944 1062 945
f 945 1062 1063
f 945 1063 946
f 946 1063 1064
f 946 1064 947
f 947 1064 1065
f 947 1065 948
f 948 1065 1066
f 948 1066 949
f 949 1066 1067
f 949 1067 950
f 950 1067 1068
f 950 1068 951
f 951 1068 1069
f 951 1069 952
f 952 1069 1070
f 952 1070 953
f 953 1070 1071
f 953 1071 954
f 954 1071 1072
f 954 1072 955
f 955 1072 1073
f 955 1073 956
f 956 1073 1074
f 956 1074 957
f 957 1074 1075
f 957 1075 958
f 958 1075 1076
f 958 1076 847
f 847 1076 959
f 959 1077 1078
f 959 1078 960
f 960 1078 1079
f 960 1079 961
f 961 1079 1080
f 961 1080 962
f 962 1080 1081
f 962 1081 963
f 963 1081 1082
f 963 1082 964
f 964 1082 1083
f 964 1083 965
f 965 1083 1084
f 965 1084 966
f 966 1084 1085
f 966 1085 967
f 967 1085 1086
f 967 1086 968
f 968 1086 1087
f 968 1087 969
f 969 1087 1088
f 969 1088 970
f 970 1088 1089
f 970 1089 971
f 971 1089 1090
f 971 1090 972
f 972 1090 1091
f 972 1091 973
f 973 1091 1092
f 973 1092 974
f 974 1092 1093
f 974 1093 975
f 975 1093 1094
f 975 1094 976
f 976 1094 1095
f 976 1095 977
f 977 1095 1096
f 977 1096 978
f 978 1096 1097
f 978 1097 979
f 979 1097 1098
f 979 1098 980
f 980 1098 1099
f 980 1099 981
f 981 1099 1100
f 981 1100 982
f 982 1100 1101
f 982 1101 983
f 983 1101 1102
f 983 1102 984
f 984 1102 1103
f 984 1103 985
f 985 1103 1104
f 985 1104 986
f 986 1104 1105
f 986 1105 987
f 987 1105 1106
f 987 1106 988
f 988 1106 1107
f 988 1107 1108
f 988 1108 989
f 989 1108 1109
f 989 1109 990
f 990 1109 1110
f 990 1110 991
f 991 1110 1111
f 991 1111 992
f 992 1111 1112
f 992 1112 993
f 993 1112 1113
f 993 1113 994
f 994 1113 1114
f 994 1114 995
f 995 1114 1115
f 995 1115 996
f 996 1115 1116
f 996 1116 997
f 997 1116 1117
f 997 1117 998
f 998 1117 1118
f 998 1118 999
f 999 1118 1119
f 999 1119 1000
f 1000 1119 1120
f 1000 1120 1001
f 1001 1120 1121
f 1001 1121 1002
f 1002 1121 1122
f 1002 1122 1003
f 1003 1122 1123
f 1003 1123 1004
f 1004 1123 1124
f 1004 1124 1005
f 1005 1124 1125
f 1005 1125 1006
f 1006 1125 1126
f 1006 1126 1007
f 1007 1126 1127
f 1007 1127 1008
f 1008 1127 1128
f 1008 1128 1009
f 1009 1128 1129
f 1009 1129 1010
f 1010 1129 1130
f 1010 1130 1011
f 1011 1130 1131
f 1011 1131 1012
f 1012 1131 1132
f 1012 1132 1013
f 1013 1132 1133
f 1013 1133 1014
f 1014 1133 1134
f 1014 1134 1015
f 1015 1134 1135
f 1015 1135 1016
f 1016 1135 1136
f 1016 1136 1017
f 1017 1136 1137
f 1017 1137 1018
f 1018 1137 1138
f 1018 1138 1139
f 1018 1139 1019
f 1019 1139 1140
f 1019 1140 1020
f 1020 1140 1141
f 1020 1141 1021
f 1021 1141 1142
f 1021 1142 1022
f 1022 1142 1143
f 1022 1143 1023
f 1023 1143 1144
f 1023 1144 1024
f 1024 1144 1145
f 1024 1145 1025
f 1025 1145 1146
f 1025 1146 1026
f 1026 1146 1147
f 1026 1147 1027
f 1027 1147 1148
f 1027 1148 1028
f 1028 1148 1149
f 1028 1149 1029
f 1029 1149 1150
f 1029 1150 1030
f 1030 1150 1151
f 1030 1151 1031
f 1031 1151 1152
f 1031 1152 1032
f 1032 1152 1153
f 1032 1153 1033
f 1033 1153 1154
f 1033 1154 1034
f 1034 1154 1155
f 1034 1155 1035
f 1035 1155 1156
f 1035 1156 1036
f 1036 1156 1157
f 1036 1157 1037
f 1037 1157 1158
f 1037 1158 1038
f 1038 1158 1159
f 1038 1159 1039
f 1039 1159 1160
f 1039 1160 1040
f 1040 1160 1161
f 1040 1161 1041
f 1041 1161 1162
f 1041 1162 1042
f 1042 1162 1163
f 1042 1163 1043
f 1043 1163 1164
f 1043 1164 1044
f 1044 1164 1165
f 1044 1165 1045
f 1045 1165 1166
f 1045 1166 1046
f 1046 1166 1167
f 1046 1167 1047
f 1047 1167 1168
f 1047 1168 1169
f 1047 1169 1048
f 1048 1169 1170
f 1048 1170 1049
f 1049 1170 1171
f 1049 1171 1050
f 1050 1171 1172
f 1050 1172 1051
f 1051 1172 1173
f 1051 1173 1052
f 1052 1173 1174
f 1052 1174 1053
f 1053 1174 1175
f 1053 1175 1054
f 1054 1175 1176
f 1054 1176 1055
f 1055 1176 1177
f 1055 1177 1056
f 1056 1177 1178
f 1056 1178 1057
f 1057 1178 1179
f 1057 1179 1058
f 1058 1179 1180
f 1058 1180 1059
f 1059 1180 1181
f 1059 1181 1060
f 1060 1181 1182
f 1060 1182 1061
f 1061 1182 1183
f 1061 1183 1062
f 1062 1183 1184
f 1062 1184 1063
f 1063 1184 1185
f 1063 1185 1064
f 1064 1185 1186
f 1064 1186 1065
f 1065 1186 1187
f 1065 1187 1066
f 1066 1187 1188
f 1066 1188 1067
f 1067 1188 1189
f 1067 1189 1068
f 1068 1189 1190
f 1068 1190 1069
f 1069 1190 1191
f 1069 1191 1070
f 1070 1191 1192
f 1070 1192 1071
f 1071 1192 1193
f 1071 1193 1072
f 1072 1193 1194
f 1072 1194 1073
f 1073 1194 1195
f 1073 1195 1074
f 1074 1195 1196
f 1074 1196 1075
f 1075 1196 1197
f 1075 1197 1076
f 1076 1197 1198
f 1076 1198 959
f 959 1198 1077
f 1077 1199 1200
f 1077 1200 1078
f 1078 1200 1201
f 1078 1201 1079
f 1079 1201 1202
f 1079 1202 1080
f 1080 1202 1203
f 1080 1203 1081
f 1081 1203 1204
f 1081 1204 1082
f 1082 1204 1205
f 1082 1205 1083
f 1083 1205 1206
f 1083 1206 1084
f 1084 1206 1207
f 1084 1207 1085
f 1085 1207 1208
f 1085 1208 1086
f 1086 1208 1209
f 1086 1209 1087
f 1087 1209 1210
f 1087 1210 1088
f 1088 1210 1211
f 1088 1211 1089
f 1089 1211 1212
f 1089 1212 1090
f 1090 1212 1213
f 1090 1213 1091
f 1091 1213 1214
f 1091 1214 1092
f 1092 1214 1215
f 1092 1215 1093
f 1093 1215 1216
f 1093 1216 1094
f 1094 1216 1217
f 1094 1217 1095
f 1095 1217 1218
f 1095 1218 1096
f 1096 1218 1219
f 1096 1219 1097
f 1097 1219 1220
f 1097 1220 1098
f 1098 1220 1221
f 1098 1221 1099
f 1099 1221 1222
f 1099 1222 1100
f 1100 1222 1223
f 1100 1223 1101
f 1101 1223 1224
f 1101 1224 1225
f 1101 1225 1102
f 1102 1225 1226
f 1102 1226 1103
f 1103 1226 1227
f 1103 1227 1104
f 1104 1227 1228
f 1104 1228 1105
f 1105 1228 1229
f 1105 1229 1106
f 1106 1229 1230
f 1106 1230 1107
f 1107 1230 1231
f 1107 1231 1108
f 1108 1231 1232
f 1108 1232 1109
f 1109 1232 1233
f 1109 1233 1110
f 1110 1233 1234
f 1110 1234 1111
f 1111 1234 1235
f 1111 1235 1112
f 1112 1235 1236
f 1112 1236 1113
f 1113 1236 1237
f 1113 1237 1114
f 1114 1237 1238
f 1114 1238 1115
f 1115 1238 1239
f 1115 1239 1116
f 1116 1239 1240
f 1116 1240 1117
f 1117 1240 1241
f 1117 1241 1118
f 1118 1241 1242
f 1118 1242 1119
f 1119 1242 1243
f 1119 1243 1120
f 1120 1243 1244
f 1120 1244 1121
f 1121 1244 1245
f 1121 1245 1122
f 1122 1245 1246
f 1122 1246 1123
f 1123 1246 1247
f 1123 1247 1124
f 1124 1247 1248
f 1124 1248 1125
f 1125 1248 1249
f 1125 1249 1250
f 1125 1250 1126
f 1126 1250 1251
f 1126 1251 1127
f 1127 1251 1252
f 1127 1252 1128
f 1128 1252 1253
f 1128 1253 1129
f 1129 1253 1254
f 1129 1254 1130
f 1130 1254 1255
f 1130 1255 1131
f 1131 1255 1256
f 1131 1256 1132
f 1132 1256 1257
f 1132 1257 1133
f 1133 1257 1258
f 1133 1258 1134
f 1134 1258 1259
f 1134 1259 1135
f 1135 1259 1260
f 1135 1260 1136
f 1136 1260 1261
f 1136 1261 1137
f 1137 1261 1262
f 1137 1262 1138
f 1138 1262 1263
f 1138 1263 1139
f 1139 1263 1264
f 1139 1264 1140
f 1140 1264 1265
f 1140 1265 1141
f 1141 1265 1266
f 1141 1266 1142
f 1142 1266 1267
f 1142 1267 1143
f 1143 1267 1268
f 1143 1268 1144
f 1144 1268 1269
f 1144 1269 1145
f 1145 1269 1270
f 1145 1270 1146
f 1146 1270 1271
f 1146 1271 1147
f 1147 1271 1272
f 1147 1272 1148
f 1148 1272 1273
f 1148 1273 1149
f 1149 1273 1274
f 1149 1274 1150
f 1150 1274 1275
f 1150 1275 1276
f 1150 1276 1151
f 1151 1276 1277
f 1151 1277 1152
f 1152 1277 1278
f 1152 1278 1153
f 1153 1278 1279
f 1153 1279 1154
f 1154 1279 1280
f 1154 1280 1155
f 1155 1280 1281
f 1155 1281 1156
f 1156 1281 1282
f 1156 1282 1157
f 1157 1282 1283
f 1157 1283 1158
f 1158 1283 1284
f 1158 1284 1159
f 1159 1284 1285
f 1159 1285 1160
f 1160 1285 1286
f 1160 1286 1161
f 1161 1286 1287
f 1161 1287 1162
f 1162 1287 1288
f 1162 1288 1163
f 1163 1288 1289
f 1163 1289 1164
f 1164 1289 1290
f 1164 1290 1165
f 1165 1290 1291
f 1165 1291 1166
f 1166 1291 1292
f 1166 1292 1167
f 1167 1292 1293
f 1167 1293 1168
f 1168 1293 1294
f 1168 1294 1169
f 1169 1294 1295
f 1169 1295 1170
f 1170 1295 1296
f 1170 1296 1171
f 1171 1296 1297
f 1171 1297 1172
f 1172 1297 1298
f 1172 1298 1173
f 1173 1298 1299
f 1173 1299 1174
f 1174 1299 1300
f 1174 1300 1301
f 1174 1301 1175
f 1175 1301 1302
f 1175 1302 1176
f 1176 1302 1303
f 1176 1303 1177
f 1177 1303 1304
f 1177 1304 1178
f 1178 1304 1305
f 1178 1305 1179
f 1179 1305 1306
f 1179 1306 1180
f 1180 1306 1307
f 1180 1307 1181
f 1181 1307 1308
f 1181 1308 1182
f 1182 1308 1309
f 1182 1309 1183
f 1183 1309 1310
f 1183 1310 1184
f 1184 1310 1311
f 1184 1311 1185
f 1185 1311 1312
f 1185 1312 1186
f 1186 1312 1313
f 1186 1313 1187
f 1187 1313 1314
f 1187 1314 1188
f 1188 1314 1315
f 1188 1315 1189
f 1189 1315 1316
f 1189 1316 1190
f 1190 1316 1317
f 1190 1317 1191
f 1191 1317 1318
f 1191 1318 1192
f 1192 1318 1319
f 1192 1319 1193
f 1193 1319 1320
f 1193 1320 1194
f 1194 1320 1321
f 1194 1321 1195
f 1195 1321 1322
f 1195 1322 1196
f 1196 1322 1323
f 1196 1323 1197
f 1197 1323 1324
f 1197 1324 1198
f 1198 1324 1325
f 1198 1325 1077
f 1077 1325 1199
f 1199 1326 1327
f 1199 1327 1200
f 1200 1327 1328
f 1200 1328 1201
f 1201 1328 1329
f 1201 1329 1202
f 1202 1329 1330
f 1202 1330 1203
f 1203 1330 1331
f 1203 1331 1204
f 1204 1331 1332
f 1204 1332 1205
f 1205 1332 1333
f 1205 1333 1206
f 1206 1333 1334
f 1206 1334 1207
f 1207 1334 1335
f 1207 1335 1208
f 1208 1335 1336
f 1208 1336 1209
f 1209 1336 1337
f 1209 1337 1210
f 1210 1337 1338
f 1210 1338 1211
f 1211 1338 1339
f 1211 1339 1212
f 1212 1339 1340
f 1212 1340 1213
f 1213 1340 1341
f 1213 1341 1214
f 1214 1341 1342
f 1214 1342 1215
f 1215 1342 1343
f 1215 1343 1216
f 1216 1343 1344
f 1216 1344 1217
f 1217 1344 1345
f 1217 1345 1218
f 1218 1345 1346
f 1218 1346 1219
f 1219 1346 1347
f 1219 1347 1220
f 1220 1347 1348
f 1220 1348 1221
f 1221 1348 1349
f 1221 1349 1222
f 1222 1349 1350
f 1222 1350 1223
f 1223 1350 1351
f 1223 1351 1224
f 1224 1351 1352
f 1224 1352 1225
f 1225 1352 1353
f 1225 1353 1226
f 1226 1353 1354
f 1226 1354 1227
f 1227 1354 1355
f 1227 1355 1228
f 1228 1355 1356
f 1228 1356 1229
f 1229 1356 1357
f 1229 1357 1230
f 1230 1357 1358
f 1230 1358 1359
f 1230 1359 1231
f 1231 1359 1360
f 1231 1360 1232
f 1232 1360 1361
f 1232 1361 1233
f 1233 1361 1362
f 1233 1362 1234
f 1234 1362 1363
f 1234 1363 1235
f 1235 1363 1364
f 1235 1364 1236
f 1236 1364 1365
f 1236 1365 1237
f 1237 1365 1366
f 1237 1366 1238
f 1238 1366 1367
f 1238 1367 1239
f 1239 1367 1368
f 1239 1368 1240
f 1240 1368 1369
f 1240 1369 1241
f 1241 1369 1370
f 1241 1370 1242
f 1242 1370 1371
f 1242 1371 1243
f 1243 1371 1372
f 1243 1372 1244
f 1244 1372 1373
f 1244 1373 1245
f 1245 1373 1374
f 1245 1374 1246
f 1246 1374 1375
f 1246 1375 1247
f 1247 1375 1376
f 1247 1376 1248
f 1248 1376 1377
f 1248 1377 1249
f 1249 1377 1378
f 1249 1378 1250
f 1250 1378 1379
f 1250 1379 1251
f 1251 1379 1380
f 1251 1380 1252
f 1252 1380 1381
f 1252 1381 1253
f 1253 1381 1382
f 1253 1382 1254
f 1254 1382 1383
f 1254 1383 1255
f 1255 1383 1384
f 1255 1384 1256
f 1256 1384 1385
f 1256 1385 1257
f 1257 1385 1386
f 1257 1386 1258
f 1258 1386 1387
f 1258 1387 1259
f 1259 1387 1388
f 1259 1388 1260
f 1260 1388 1389
f 1260 1389 1261
f 1261 1389 1390
f 1261 1390 1262
f 1262 1390 1391
f 1262 1391 1392
f 1262 1392 1263
f 1263 1392 1393
f 1263 1393 1264
f 1264 1393 1394
f 1264 1394 1265
f 1265 1394 1395
f 1265 1395 1266
f 1266 1395 1396
f 1266 1396 1267
f 1267 1396 1397
f 1267 1397 1268
f 1268 1397 1398
f 1268 1398 1269
f 1269 1398 1399
f 1269 1399 1270
f 1270 1399 1400
f 1270 1400 1271
f 1271 1400 1401
f 1271 1401 1272
f 1272 1401 1402
f 1272 1402 1273
f 1273 1402 1403
f 1273 1403 1274
f 1274 1403 1404
f 1274 1404 1275
f 1275 1404 1405
f 1275 1405 1276
f 1276 1405 1406
f 1276 1406 1277
f 1277 1406 1407
f 1277 1407 1278
f 1278 1407 1408
f 1278 1408 1279
f 1279 1408 1409
f 1279 1409 1280
f 1280 1409 1410
f 1280 1410 1281
f 1281 1410 1411
f 1281 1411 1282
f 1282 1411 1412
f 1282 1412 1283
f 1283 1412 1413
f 1283 1413 1284
f 1284 1413 1414
f 1284 1414 1285
f 1285 1414 1415
f 1285 1415 1286
f 1286 1415 1416
f 1286 1416 1287
f 1287 1416 1417
f 1287 1417 1288
f 1288 1417 1418
f 1288 1418 1289
f 1289 1418 1419
f 1289 1419 1290
f 1290 1419 1420
f 1290 1420 1291
f 1291 1420 1421
f 1291 1421 1292
f 1292 1421 1422
f 1292 1422 1293
f 1293 1422 1423
f 1293 1423 1294
f 1294 1423 1424
f 1294 1424 1425
f 1294 1425 1295
f 1295 1425 1426
f 1295 1426 1296
f 1296 1426 1427
f 1296 1427 1297
f 1297 1427 1428
f 1297 1428 1298
f 1298 1428 1429
f 1298 1429 1299
f 1299 1429 1430
f 1299 1430 1300
f 1300 1430 1431
f 1300 1431 1301
f 1301 1431 1432
f 1301 1432 1302
f 1302 1432 1433
f 1302 1433 1303
f 1303 1433 1434
f 1303 1434 1304
f 1304 1434 1435
f 1304 1435 1305
f 1305 1435 1436
f 1305 1436 1306
f 1306 1436 1437
f 1306 1437 1307
f 1307 1437 1438
f 1307 1438 1308
f 1308 1438 1439
f 1308 1439 1309
f 1309 1439 1440
f 1309 1440 1310
f 1310 1440 1441
f 1310 1441 1311
f 1311 1441 1442
f 1311 1442 1312
f 1312 1442 1443
f 1312 1443 1313
f 1313 1443 1444
f 1313 1444 1314
f 1314 1444 1445
f 1314 1445 1315
f 1315 1445 1446
f 1315 1446 1316
f 1316 1446 1447
f 1316 1447 1317
f 1317 1447 1448
f 1317 1448 1318
f 1318 1448 1449
f 1318 1449 1319
f 1319 1449 1450
f 1319 1450 1320
f 1320 1450 1451
f 1320 1451 1321
f 1321 1451 1452
f 1321 1452 1322
f 1322 1452 1453
f 1322 1453 1323
f 1323 1453 1454
f 1323 1454 1324
f 1324 1454 1455
f 1324 1455 1325
f 1325 1455 1456
f 1325 1456 1199
f 1199 1456 1326
f 1326 1457 1458
f 1326 1458 1327
f 1327 1458 1459
f 1327 1459 1328
f 1328 1459 1460
f 1328 1460 1329
f 1329 1460 1461
f 1329 1461 1330
f 1330 1461 1462
f 1330 1462 1331
f 1331 1462 1463
f 1331 1463 1332
f 1332 1463 1464
f 1332 1464 1333
f 1333 1464 1465
f 1333 1465 1334
f 1334 1465 1466
f 1334 1466 1335
f 1335 1466 1467
f 1335 1467 1336
f 1336 1467 1468
f 1336 1468 1337
f 1337 1468 1469
f 1337 1469 1338
f 1338 1469 1470
f 1338 1470 1339
f 1339 1470 1471
f 1339 1471 1340
f 1340 1471 1472
f 1340 1472 1341
f 1341 1472 1473
f 1341 1473 1342
f 1342 1473 1474
f 1342 1474 1343
f 1343 1474 1475
f 1343 1475 1344
f 1344 1475 1476
f 1344 1476 1345
f 1345 1476 1477
f 1345 1477 1346
f 1346 1477 1478
f 1346 1478 1347
f 1347 1478 1479
f 1347 1479 1348
f 1348 1479 1480
f 1348 1480 1349
f 1349 1480 1481
f 1349 1481 1350
f 1350 1481 1482
f 1350 1482 1351
f 1351 1482 1483
f 1351 1483 1352
f 1352 1483 1484
f 1352 1484 1353
f 1353 1484 1485
f 1353 1485 1354
f 1354 1485 1486
f 1354 1486 1355
f 1355 1486 1487
f 1355 1487 1356
f 1356 1487 1488
f 1356 1488 1357
f 1357 1488 1489
f 1357 1489 1358
f 1358 1489 1490
f 1358 1490 1491
f 1358 1491 1359
f 1359 1491 1492
f 1359 1492 1360
f 1360 1492 1493
f 1360 1493 1361
f 1361 1493 1494
f 1361 1494 1362
f 1362 1494 1495
f 1362 1495 1363
f 1363 1495 1496
f 1363 1496 1364
f 1364 1496 1497
f 1364 1497 1365
f 1365 1497 1498
f 1365 1498 1366
f 1366 1498 1499
f 1366 1499 1367
f 1367 1499 1500
f 1367 1500 1368
f 1368 1500 1501
f 1368 1501 1369
f 1369 1501 1502
f 1369 1502 1370
f 1370 1502 1503
f 1370 1503 1371
f 1371 1503 1504
f 1371 1504 1372
f 1372 1504 1505
f 1372 1505 1373
f 1373 1505 1506
f 1373 1506 1374
f 1374 1506 1507
f 1374 1507 1375
f 1375 1507 1508
f 1375 1508 1376
f 1376 1508 1509
f 1376 1509 1377
f 1377 1509 1510
f 1377 1510 1378
f 1378 1510 1511
f 1378 1511 1379
f 1379 1511 1512
f 1379 1512 1380
f 1380 1512 1513
f 1380 1513 1381
f 1381 1513 1514
f 1381 1514 1382
f 1382 1514 1515
f 1382 1515 1383
f 1383 1515 1516
f 1383 1516 1384
f 1384 1516 1517
f 1384 1517 1385
f 1385 1517 1518
f 1385 1518 1386
f 1386 1518 1519
f 1386 1519 1387
f 1387 1519 1520
f 1387 1520 1388
f 1388 1520 1521
f 1388 1521 1389
f 1389 1521 1522
f 1389 1522 1390
f 1390 1522 1523
f 1390 1523 1391
f 1391 1523 1524
f 1391 1524 1525
f 1391 1525 1392
f 1392 1525 1526
f 1392 1526 1393
f 1393 1526 1527
f 1393 1527 1394
f 1394 1527 1528
f 1394 1528 1395
f 1395 1528 1529
f 1395 1529 1396
f 1396 1529 1530
f 1396 1530 1397
f 1397 1530 1531
f 1397 1531 1398
f 1398 1531 1532
f 1398 1532 1399
f 1399 1532 1533
f 1399 1533 1400
f 1400 1533 1534
f 1400 1534 1401
f 1401 1534 1535
f 1401 1535 1402
f 1402 1535 1536
f 1402 1536 1403
f 1403 1536 1537
f 1403 1537 1404
f 1404 1537 1538
f 1404 1538 1405
f 1405 1538 1539
f 1405 1539 1406
f 1406 1539 1540
f 1406 1540 1407
f 1407 1540 1541
f 1407 1541 1408
f 1408 1541 1542
f 1408 1542 1409
f 1409 1542 1543
f 1409 1543 1410
f 1410 1543 1544
f 1410 1544 1411
f 1411 1544 1545
f 1411 1545 1412
f 1412 1545 1546
f 1412 1546 1413
f 1413 1546 1547
f 1413 1547 1414
f 1414 1547 1548
f 1414 1548 1415
f 1415 1548 1549
f 1415 1549 1416
f 1416 1549 1550
f 1416 1550 1417
f 1417 1550 1551
f 1417 1551 1418
f 1418 1551 1552
f 1418 1552 1419
f 1419 1552 1553
f 1419 1553 1420
f 1420 1553 1554
f 1420 1554 1421
f 1421 1554 1555
f 1421 1555 1422
f 1422 1555 1556
f 1422 1556 1423
f 1423 1556 1557
f 1423 1557 1424
f 1424 1557 1558
f 1424 1558 1559
f 1424 1559 1425
f 1425 1559 1560
f 1425 1560 1426
f 1426 1560 1561
f 1426 1561 1427
f 1427 1561 1562
f 1427 1562 1428
f 1428 1562 1563
f 1428 1563 1429
f 1429 1563 1564
f 1429 1564 1430
f 1430 1564 1565
f 1430 1565 1431
f 1431 1565 1566
f 1431 1566 1432
f 1432 1566 1567
f 1432 1567 1433
f 1433 1567 1568
f 1433 1568 1434
f 1434 1568 1569
f 1434 1569 1435
f 1435 1569 1570
f 1435 1570 1436
f 1436 1570 1571
f 1436 1571 1437
f 1437 1571 1572
f 1437 1572 1438
f 1438 1572 1573
f 1438 1573 1439
f 1439 1573 1574
f 1439 1574 1440
f 1440 1574 1575
f 1440 1575 1441
f 1441 1575 1576
f 1441 1576 1442
f 1442 1576 1577
f 1442 1577 1443
f 1443 1577 1578
f 1443 1578 1444
f 1444 1578 1579
f 1444 1579 1445
f 1445 1579 1580
f 1445 1580 1446
f 1446 1580 1581
f 1446 1581 1447
f 1447 1581 1582
f 1447 1582 1448
f 1448 1582 1583
f 1448 1583 1449
f 1449 1583 1584
f 1449 1584 1450
f 1450 1584 1585
f 1450 1585 1451
f 1451 1585 1586
f 1451 1586 1452
f 1452 1586 1587
f 1452 1587 1453
f 1453 1587 1588
f 1453 1588 1454
f 1454 1588 1589
f 1454 1589 1455
f 1455 1589 1590
f 1455 1590 1456
f 1456 1590 1591
f 1456 1591 1326
f 1326 1591 1457
f 1457 1592 1593
f 1457 1593 1458
f 1458 1593 1594
f 1458 1594 1459
f 1459 1594 1595
f 1459 1595 1460
f 1460 1595 1596
f 1460 1596 1461
f 1461 1596 1597
f 1461 1597 1462
f 1462 1597 1598
f 1462 1598 1463
f 1463 1598 1599
f 1463 1599 1464
f 1464 1599 1600
f 1464 1600 1465
f 1465 1600 1601
f 1465 1601 1466
f 1466 1601 1602
f 1466 1602 1467
f 1467 1602 1603
f 1467 1603 1468
f 1468 1603 1604
f 1468 1604 1469
f 1469 1604 1605
f 1469 1605 1470
f 1470 1605 1606
f 1470 1606 1471
f 1471 1606 1607
f 1471 1607 1472
f 1472 1607 1608
f 1472 1608 1473
f 1473 1608 1609
f 1473 1609 1474
f 1474 1609 1610
f 1474 1610 1475
f 1475 1610 1611
f 1475 1611 1476
f 1476 1611 1612
f 1476 1612 1477
f 1477 1612 1613
f 1477 1613 1478
f 1478 1613 1614
f 1478 1614 1479
f 1479 1614 1615
f 1479 1615 1480
f 1480 1615 1616
f 1480 1616 1481
f 1481 1616 1617
f 1481 1617 1482
f 1482 1617 1618
f 1482 1618 1483
f 1483 1618 1619
f 1483 1619 1484
f 1484 1619 1620
f 1484 1620 1485
f 1485 1620 1621
f 1485 1621 1486
f 1486 1621 1622
f 1486 1622 1487
f 1487 1622 1623
f 1487 1623 1488
f 1488 1623 1624
f 1488 1624 1489
f 1489 1624 1625
f 1489 1625 1490
f 1490 1625 1626
f 1490 1626 1491
f 1491 1626 1627
f 1491 1627 1492
f 1492 1627 1628
f 1492 1628 1493
f 1493 1628 1629
f 1493 1629 1494
f 1494 1629 1630
f 1494 1630 1495
f 1495 1630 1631
f 1495 1631 1496
f 1496 1631 1632
f 1496 1632 1497
f 1497 1632 1633
f 1497 1633 1498
f 1498 1633 1634
f 1498 1634 1499
f 1499 1634 1635
f 1499 1635 1500
f 1500 1635 1636
f 1500 1636 1501
f 1501 1636 1637
f 1501 1637 1502
f 1502 1637 1638
f 1502 1638 1639
f 1502 1639 1503
f 1503 1639 1640
f 1503 1640 1504
f 1504 1640 1641
f 1504 1641 1505
f 1505 1641 1642
f 1505 1642 1506
f 1506 1642 1643
f 1506 1643 1507
f 1507 1643 1644
f 1507 1644 1508
f 1508 1644 1645
f 1508 1645 1509
f 1509 1645 1646
f 1509 1646 1510
f 1510 1646 1647
f 1510 1647 1511
f 1511 1647 1648
f 1511 1648 1512
f 1512 1648 1649
f 1512 1649 1513
f 1513 1649 1650
f 1513 1650 1514
f 1514 1650 1651
f 1514 1651 1515
f 1515 1651 1652
f 1515 1652 1516
f 1516 1652 1653
f 1516 1653 1517
f 1517 1653 1654
f 1517 1654 1518
f 1518 1654 1655
f 1518 1655 1519
f 1519 1655 1656
f 1519 1656 1520
f 1520 1656 1657
f 1520 1657 1521
f 1521 1657 1658
f 1521 1658 1522
f 1522 1658 1659
f 1522 1659 1523
f 1523 1659 1660
f 1523 1660 1524
f 1524 1660 1661
f 1524 1661 1525
f 1525 1661 1662
f 1525 1662 1526
f 1526 1662 1663
f 1526 1663 1527
f 1527 1663 1664
f 1527 1664 1528
f 1528 1664 1665
f 1528 1665 1529
f 1529 1665 1666
f 1529 1666 1530
f 1530 1666 1667
f 1530 1667 1531
f 1531 1667 1668
f 1531 1668 1532
f 1532 1668 1669
f 1532 1669 1533
f 1533 1669 1670
f 1533 1670 1534
f 1534 1670 1671
f 1534 1671 1535
f 1535 1671 1672
f 1535 1672 1536
f 1536 1672 1673
f 1536 1673 1537
f 1537 1673 1674
f 1537 1674 1538
f 1538 1674 1675
f 1538 1675 1539
f 1539 1675 1676
f 1539 1676 1540
f 1540 1676 1677
f 1540 1677 1541
f 1541 1677 1678
f 1541 1678 1542
f 1542 1678 1679
f 1542 1679 1543
f 1543 1679 1680
f 1543 1680 1544
f 1544 1680 1681
f 1544 1681 1545
f 1545 1681 1682
f 1545 1682 1546
f 1546 1682 1683
f 1546 1683 1547
f 1547 1683 1684
f 1547 1684 1685
f 1547 1685 1548
f 1548 1685 1686
f 1548 1686 1549
f 1549 1686 1687
f 1549 1687 1550
f 1550 1687 1688
f 1550 1688 1551
f 1551 1688 1689
f 1551 1689 1552
f 1552 1689 1690
f 1552 1690 1553
f 1553 1690 1691
f 1553 1691 1554
f 1554 1691 1692
f 1554 1692 1555
f 1555 1692 1693
f 1555 1693 1556
f 1556 1693 1694
f 1556 1694 1557
f 1557 1694 1695
f 1557 1695 1558
f 1558 1695 1696
f 1558 1696 1559
f 1559 1696 1697
f 1559 1697 1560
f 1560 1697 1698
f 1560 1698 1561
f 1561 1698 1699
f 1561 1699 1562
f 1562 1699 1700
f 1562 1700 1563
f 1563 1700 1701
f 1563 1701 1564
f 1564 1701 1702
f 1564 1702 1565
f 1565 1702 1703
f 1565 1703 1566
f 1566 1703 1704
f 1566 1704 1567
f 1567 1704 1705
f 1567 1705 1568
f 1568 1705 1706
f 1568 1706 1569
f 1569 1706 1707
f 1569 1707 1570
f 1570 1707 1708
f 1570 1708 1571
f 1571 1708 1709
f 1571 1709 1572
f 1572 1709 1710
f 1572 1710 1573
f 1573 1710 1711
f 1573 1711 1574
f 1574 1711 1712
f 1574 1712 1575
f 1575 1712 1713
f 1575 1713 1576
f 1576 1713 1714
f 1576 1714 1577
f 1577 1714 1715
f 1577 1715 1578
f 1578 1715 1716
f 1578 1716 1579
f 1579 1716 1717
f 1579 1717 1580
f 1580 1717 1718
f 1580 1718 1581
f 1581 1718 1719
f 1581 1719 1582
f 1582 1719 1720
f 1582 1720 1583
f 1583 1720 1721
f 1583 1721 1584
f 1584 1721 1722
f 1584 1722 1585
f 1585 1722 1723
f 1585 1723 1586
f 1586 1723 1724
f 1586 1724 1587
f 1587 1724 1725
f 1587 1725 1588
f 1588 1725 1726
f 1588 1726 1589
f 1589 1726 1727
f 1589 1727 1590
f 1590 1727 1728
f 1590 1728 1591
f 1591 1728 1729
f 1591 1729 1457
f 1457 1729 1592
f 1592 1730 1731
f 1592 1731 1593
f 1593 1731 1732
f 1593 1732 1594
f 1594 1732 1733
f 1594 1733 1595
f 1595 1733 1734
f 1595 1734 1596
f 1596 1734 1735
f 1596 1735 1597
f 1597 1735 1736
f 1597 1736 1598
f 1598 1736 1737
f 1598 1737 1599
f 1599 1737 1738
f 1599 1738 1600
f 1600 1738 1739
f 1600 1739 1601
f 1601 1739 1740
f 1601 1740 1602
f 1602 1740 1741
f 1602 1741 1603
f 1603 1741 1742
f 1603 1742 1604
f 1604 1742 1743
f 1604 1743 1605
f 1605 1743 1744
f 1605 1744 1606
f 1606 1744 1745
f 1606 1745 1607
f 1607 1745 1746
f 1607 1746 1608
f 1608 1746 1747
f 1608 1747 1609
f 1609 1747 1748
f 1609 1748 1610
f 1610 1748 1749
f 1610 1749 1611
f 1611 1749 1750
f 1611 1750 1612
f 1612 1750 1751
f 1612 1751 1613
f 1613 1751 1752
f 1613 1752 1614
f 1614 1752 1753
f 1614 1753 1615
f 1615 1753 1754
f 1615 1754 1616
f 1616 1754 1755
f 1616 1755 1617
f 1617 1755 1756
f 1617 1756 1618
f 1618 1756 1757
f 1618 1757 1619
f 1619 1757 1758
f 1619 1758 1620
f 1620 1758 1759
f 1620 1759 1621
f 1621 1759 1760
f 1621 1760 1622
f 1622 1760 1761
f 1622 1761 1623
f 1623 1761 1762
f 1623 1762 1624
f 1624 1762 1763
f 1624 1763 1625
f 1625 1763 1764
f 1625 1764 1626
f 1626 1764 1765
f 1626 1765 1627
f 1627 1765 1766
f 1627 1766 1628
f 1628 1766 1767
f 1628 1767 1629
f 1629 1767 1768
f 1629 1768 1630
f 1630 1768 1769
f 1630 1769 1631
f 1631 1769 1770
f 1631 1770 1632
f 1632 1770 1771
f 1632 1771 1633
f 1633 1771 1772
f 1633 1772 1634
f 1634 1772 1773
f 1634 1773 1635
f 1635 1773 1774
f 1635 1774 1636
f 1636 1774 1775
f 1636 1775 1637
f 1637 1775 1776
f 1637 1776 1638
f 1638 1776 1777
f 1638 1777 1639
f 1639 1777 1778
f 1639 1778 1640
f 1640 1778 1779
f 1640 1779 1641
f 1641 1779 1780
f 1641 1780 1642
f 1642 1780 1781
f 1642 1781 1643
f 1643 1781 1782
f 1643 1782 1644
f 1644 1782 1783
f 1644 1783 1645
f 1645 1783 1784
f 1645 1784 1646
f 1646 1784 1785
f 1646 1785 1647
f 1647 1785 1786
f 1647 1786 1648
f 1648 1786 1787
f 1648 1787 1649
f 1649 1787 1788
f 1649 1788 1650
f 1650 1788 1789
f 1650 1789 1651
f 1651 1789 1790
f 1651 1790 1652
f 1652 1790 1791
f 1652 1791 1653
f 1653 1791 1792
f 1653 1792 1654
f 1654 1792 1793
f 1654 1793 1655
f 1655 1793 1794
f 1655 1794 1656
f 1656 1794 1795
f 1656 1795 1657
f 1657 1795 1796
f 1657 1796 1658
f 1658 1796 1797
f 1658 1797 1659
f 1659 1797 1798
f 1659 1798 1660
f 1660 1798 1799
f 1660 1799 1661
f 1661 1799 1800
f 1661 1800 1801
f 1661 1801 1662
f 1662 1801 1802
f 1662 1802 1663
f 1663 1802 1803
f 1663 1803 1664
f 1664 1803 1804
f 1664 1804 1665
f 1665 1804 1805
f 1665 1805 1666
f 1666 1805 1806
f 1666 1806 1667
f 1667 1806 1807
f 1667 1807 1668
f 1668 1807 1808
f 1668 1808 1669
f 1669 1808 1809
f 1669 1809 1670
f 1670 1809 1810
f 1670 1810 1671
f 1671 1810 1811
f 1671 1811 1672
f 1672 1811 1812
f 1672 1812 1673
f 1673 1812 1813
f 1673 1813 1674
f 1674 1813 1814
f 1674 1814 1675
f 1675 1814 1815
f 1675 1815 1676
f 1676 1815 1816
f 1676 1816 1677
f 1677 1816 1817
f 1677 1817 1678
f 1678 1817 1818
f 1678 1818 1679
f 1679 1818 1819
f 1679 1819 1680
f 1680 1819 1820
f 1680 1820 1681
f 1681 1820 1821
f 1681 1821 1682
f 1682 1821 1822
f 1682 1822 1683
f 1683 1822 1823
f 1683 1823 1684
f 1684 1823 1824
f 1684 1824 1685
f 1685 1824 1825
f 1685 1825 1686
f 1686 1825 1826
f 1686 1826 1687
f 1687 1826 1827
f 1687 1827 1688
f 1688 1827 1828
f 1688 1828 1689
f 1689 1828 1829
f 1689 1829 1690
f 1690 1829 1830
f 1690 1830 1691
f 1691 1830 1831
f 1691 1831 1692
f 1692 1831 1832
f 1692 1832 1693
f 1693 1832 1833
f 1693 1833 1694
f 1694 1833 1834
f 1694 1834 1695
f 1695 1834 1835
f 1695 1835 1696
f 1696 1835 1836
f 1696 1836 1697
f 1697 1836 1837
f 1697 1837 1698
f 1698 1837 1838
f 1698 1838 1699
f 1699 1838 1839
f 1699 1839 1700
f 1700 1839 1840
f 1700 1840 1701
f 1701 1840 1841
f 1701 1841 1702
f 1702 1841 1842
f 1702 1842 1703
f 1703 1842 1843
f 1703 1843 1704
f 1704 1843 1844
f 1704 1844 1705
f 1705 1844 1845
f 1705 1845 1706
f 1706 1845 1846
f 1706 1846 1707
f 1707 1846 1847
f 1707 1847 1708
f 1708 1847 1848
f 1708 1848 1709
f 1709 1848 1849
f 1709 1849 1710
f 1710 1849 1850
f 1710 1850 1711
f 1711 1850 1851
f 1711 1851 1712
f 1712 1851 1852
f 1712 1852 1713
f 1713 1852 1853
f 1713 1853 1714
f 1714 1853 1854
f 1714 1854 1715
f 1715 1854 1855
f 1715 1855 1716
f 1716 1855 1856
f 1716 1856 1717
f 1717 1856 1857
f 1717 1857 1718
f 1718 1857 1858
f 1718 1858 1719
f 1719 1858 1859
f 1719 1859 1720
f 1720 1859 1860
f 1720 1860 1721
f 1721 1860 1861
f 1721 1861 1722
f 1722 1861 1862
f 1722 1862 1723
f 1723 1862 1863
f 1723 1863 1724
f 1724 1863 1864
f 1724 1864 1725
f 1725 1864 1865
f 1725 1865 1726
f 1726 1865 1866
f 1726 1866 1727
f 1727 1866 1867
f 1727 1867 1728
f 1728 1867 1868
f 1728 1868 1729
f 1729 1868 1869
f 1729 1869 1592
f 1592 1869 1730
f 1730 1870 1871
f 1730 1871 1731
f 1731 1871 1872
f 1731 1872 1732
f 1732 1872 1873
f 1732 1873 1733
f 1733 1873 1874
f 1733 1874 1734
f 1734 1874 1875
f 1734 1875 1735
f 1735 1875 1876
f 1735 1876 1736
f 1736 1876 1877
f 1736 1877 1737
f 1737 1877 1878
f 1737 1878 1738
f 1738 1878 1879
f 1738 1879 1739
f 1739 1879 1880
f 1739 1880 1740
f 1740 1880 1881
f 1740 1881 1741
f 1741 1881 1882
f 1741 1882 1742
f 1742 1882 1883
f 1742 1883 1743
f 1743 1883 1884
f 1743 1884 1744
f 1744 1884 1885
f 1744 1885 1745
f 1745 1885 1886
f 1745 1886 1746
f 1746 1886 1887
f 1746 1887 1747
f 1747 1887 1888
f 1747 1888 1748
f 1748 1888 1889
f 1748 1889 1749
f 1749 1889 1890
f 1749 1890 1750
f 1750 1890 1891
f 1750 1891 1751
f 1751 1891 1892
f 1751 1892 1752
f 1752 1892 1893
f 1752 1893 1753
f 1753 1893 1894
f 1753 1894 1754
f 1754 1894 1895
f 1754 1895 1755
f 1755 1895 1896
f 1755 1896 1756
f 1756 1896 1897
f 1756 1897 1757
f 1757 1897 1898
f 1757 1898 1758
f 1758 1898 1899
f 1758 1899 1759
f 1759 1899 1900
f 1759 1900 1760
f 1760 1900 1901
f 1760 1901 1761
f 1761 1901 1902
f 1761 1902 1762
f 1762 1902 1903
f 1762 1903 1763
f 1763 1903 1904
f 1763 1904 1764
f 1764 1904 1905
f 1764 1905 1765
f 1765 1905 1906
f 1765 1906 1766
f 1766 1906 1907
f 1766 1907 1767
f 1767 1907 1908
f 1767 1908 1768
f 1768 1908 1909
f 1768 1909 1769
f 1769 1909 1910
f 1769 1910 1770
f 1770 1910 1911
f 1770 1911 1771
f 1771 1911 1912
f 1771 1912 1772
f 1772 1912 1913
f 1772 1913 1773
f 1773 1913 1914
f 1773 1914 1774
f 1774 1914 1915
f 1774 1915 1775
f 1775 1915 1916
f 1775 1916 1776
f 1776 1916 1917
f 1776 1917 1918
f 1776 1918 1777
f 1777 1918 1919
f 1777 1919 1778
f 1778 1919 1920
f 1778 1920 1779
f 1779 1920 1921
f 1779 1921 1780
f 1780 1921 1922
f 1780 1922 1781
f 1781 1922 1923
f 1781 1923 1782
f 1782 1923 1924
f 1782 1924 1783
f 1783 1924 1925
f 1783 1925 1784
f 1784 1925 1926
f 1784 1926 1785
f 1785 1926 1927
f 1785 1927 1786
f 1786 1927 1928
f 1786 1928 1787
f 1787 1928 1929
f 1787 1929 1788
f 1788 1929 1930
f 1788 1930 1789
f 1789 1930 1931
f 1789 1931 1790
f 1790 1931 1932
f 1790 1932 1791
f 1791 1932 1933
f 1791 1933 1792
f 1792 1933 1934
f 1792 1934 1793
f 1793 1934 1935
f 1793 1935 1794
f 1794 1935 1936
f 1794 1936 1795
f 1795 1936 1937
f 1795 1937 1796
f 1796 1937 1938
f 1796 1938 1797
f 1797 1938 1939
f 1797 1939 1798
f 1798 1939 1940
f 1798 1940 1799
f 1799 1940 1941
f 1799 1941 1800
f 1800 1941 1942
f 1800 1942 1801
f 1801 1942 1943
f 1801 1943 1802
f 1802 1943 1944
f 1802 1944 1803
f 1803 1944 1945
f 1803 1945 1804
f 1804 1945 1946
f 1804 1946 1805
f 1805 1946 1947
f 1805 1947 1806
f 1806 1947 1948
f 1806 1948 1807
f 1807 1948 1949
f 1807 1949 1808
f 1808 1949 1950
f 1808 1950 1809
f 1809 1950 1951
f 1809 1951 1810
f 1810 1951 1952
f 1810 1952 1811
f 1811 1952 1953
f 1811 1953 1812
f 1812 1953 1954
f 1812 1954 1813
f 1813 1954 1955
f 1813 1955 1814
f 1814 1955 1956
f 1814 1956 1815
f 1815 1956 1957
f 1815 1957 1816
f 1816 1957 1958
f 1816 1958 1817
f 1817 1958 1959
f 1817 1959 1818
f 1818 1959 1960
f 1818 1960 1819
f 1819 1960 1961
f 1819 1961 1820
f 1820 1961 1962
f 1820 1962 1821
f 1821 1962 1963
f 1821 1963 1822
f 1822 1963 1964
f 1822 1964 1823
f 1823 1964 1965
f 1823 1965 1966
f 1823 1966 1824
f 1824 1966 1967
f 1824 1967 1825
f 1825 1967 1968
f 1825 1968 1826
f 1826 1968 1969
f 1826 1969 1827
f 1827 1969 1970
f 1827 1970 1828
f 1828 1970 1971
f 1828 1971 1829
f 1829 1971 1972
f 1829 1972 1830
f 1830 1972 1973
f 1830 1973 1831
f 1831 1973 1974
f 1831 1974 1832
f 1832 1974 1975
f 1832 1975 1833
f 1833 1975 1976
f 1833 1976 1834
f 1834 1976 1977
f 1834 1977 1835
f 1835 1977 1978
f 1835 1978 1836
f 1836 1978 1979
f 1836 1979 1837
f 1837 1979 1980
f 1837 1980 1838
f 1838 1980 1981
f 1838 1981 1839
f 1839 1981 1982
f 1839 1982 1840
f 1840 1982 1983
f 1840 1983 1841
f 1841 1983 1984
f 1841 1984 1842
f 1842 1984 1985
f 1842 1985 1843
f 1843 1985 1986
f 1843 1986 1844
f 1844 1986 1987
f 1844 1987 1845
f 1845 1987 1988
f 1845 1988 1846
f 1846 1988 1989
f 1846 1989 1847
f 1847 1989 1990
f 1847 1990 1848
f 1848 1990 1991
f 1848 1991 1849
f 1849 1991 1992
f 1849 1992 1850
f 1850 1992 1993
f 1850 1993 1851
f 1851 1993 1994
f 1851 1994 1852
f 1852 1994 1995
f 1852 1995 1853
f 1853 1995 1996
f 1853 1996 1854
f 1854 1996 1997
f 1854 1997 1855
f 1855 1997 1998
f 1855 1998 1856
f 1856 1998 1999
f 1856 1999 1857
f 1857 1999 2000
f 1857 2000 1858
f 1858 2000 2001
f 1858 2001 1859
f 1859 2001 2002
f 1859 2002 1860
f 1860 2002 2003
f 1860 2003 1861
f 1861 2003 2004
f 1861 2004 1862
f 1862 2004 2005
f 1862 2005 1863
f 1863 2005 2006
f 1863 2006 1864
f 1864 2006 2007
f 1864 2007 1865
f 1865 2007 2008
f 1865 2008 1866
f 1866 2008 2009
f 1866 2009 1867
f 1867 2009 2010
f 1867 2010 1868
f 1868 2010 2011
f 1868 2011 1869
f 1869 2011 2012
f 1869 2012 1730
f 1730 2012 1870
f 1870 2013 2014
f 1870 2014 1871
f 1871 2014 2015
f 1871 2015 1872
f 1872 2015 2016
f 1872 2016 1873
f 1873 2016 2017
f 1873 2017 1874
f 1874 2017 2018
f 1874 2018 1875
f 1875 2018 2019
f 1875 2019 1876
f 1876 2019 2020
f 1876 2020 1877
f 1877 2020 2021
f 1877 2021 1878
f 1878 2021 2022
f 1878 2022 1879
f 1879 2022 2023
f 1879 2023 1880
f 1880 2023 2024
f 1880 2024 1881
f 1881 2024 2025
f 1881 2025 1882
f 1882 2025 2026
f 1882 2026 1883
f 1883 2026 2027
f 1883 2027 1884
f 1884 2027 2028
f 1884 2028 1885
f 1885 2028 2029
f 1885 2029 1886
f 1886 2029 2030
f 1886 2030 1887
f 1887 2030 2031
f 1887 2031 1888
f 1888 2031 2032
f 1888 2032 1889
f 1889 2032 2033
f 1889 2033 1890
f 1890 2033 2034
f 1890 2034 1891
f 1891 2034 2035
f 1891 2035 1892
f 1892 2035 2036
f 1892 2036 1893
f 1893 2036 2037
f 1893 2037 1894
f 1894 2037 2038
f 1894 2038 1895
f 1895 2038 2039
f 1895 2039 1896
f 1896 2039 2040
f 1896 2040 1897
f 1897 2040 2041
f 1897 2041 1898
f 1898 2041 2042
f 1898 2042 1899
f 1899 2042 2043
f 1899 2043 1900
f 1900 2043 2044
f 1900 2044 1901
f 1901 2044 2045
f 1901 2045 1902
f 1902 2045 2046
f 1902 2046 1903
f 1903 2046 2047
f 1903 2047 1904
f 1904 2047 2048
f 1904 2048 1905
f 1905 2048 2049
f 1905 2049 1906
f 1906 2049 2050
f 1906 2050 1907
f 1907 2050 2051
f 1907 2051 1908
f 1908 2051 2052
f 1908 2052 1909
f 1909 2052 2053
f 1909 2053 1910
f 1910 2053 2054
f 1910 2054 1911
f 1911 2054 2055
f 1911 2055 1912
f 1912 2055 2056
f 1912 2056 1913
f 1913 2056 2057
f 1913 2057 1914
f 1914 2057 2058
f 1914 2058 1915
f 1915 2058 2059
f 1915 2059 1916
f 1916 2059 2060
f 1916 2060 1917
f 1917 2060 2061
f 1917 2061 1918
f 1918 2061 2062
f 1918 2062 1919
f 1919 2062 2063
f 1919 2063 1920
f 1920 2063 2064
f 1920 2064 1921
f 1921 2064 2065
f 1921 2065 1922
f 1922 2065 2066
f 1922 2066 1923
f 1923 2066 2067
f 1923 2067 1924
f 1924 2067 2068
f 1924 2068 1925
f 1925 2068 2069
f 1925 2069 1926
f 1926 2069 2070
f 1926 2070 1927
f 1927 2070 2071
f 1927 2071 1928
f 1928 2071 2072
f 1928 2072 1929
f 1929 2072 2073
f 1929 2073 1930
f 1930 2073 2074
f 1930 2074 1931
f 1931 2074 2075
f 1931 2075 1932
f 1932 2075 2076
f 1932 2076 1933
f 1933 2076 2077
f 1933 2077 1934
f 1934 2077 2078
f 1934 2078 1935
f 1935 2078 2079
f 1935 2079 1936
f 1936 2079 2080
f 1936 2080 1937
f 1937 2080 2081
f 1937 2081 1938
f 1938 2081 2082
f 1938 2082 1939
f 1939 2082 2083
f 1939 2083 1940
f 1940 2083 2084
f 1940 2084 1941
f 1941 2084 2085
f 1941 2085 1942
f 1942 2085 2086
f 1942 2086 1943
f 1943 2086 2087
f 1943 2087 1944
f 1944 2087 2088
f 1944 2088 1945
f 1945 2088 2089
f 1945 2089 1946
f 1946 2089 2090
f 1946 2090 1947
f 1947 2090 2091
f 1947 2091 1948
f 1948 2091 2092
f 1948 2092 1949
f 1949 2092 2093
f 1949 2093 1950
f 1950 2093 2094
f 1950 2094 1951
f 1951 2094 2095
f 1951 2095 1952
f 1952 2095 2096
f 1952 2096 1953
f 1953 2096 2097
f 1953 2097 1954
f 1954 2097 2098
f 1954 2098 1955
f 1955 2098 2099
f 1955 2099 1956
f 1956 2099 2100
f 1956 2100 1957
f 1957 2100 2101
f 1957 2101 1958
f 1958 2101 2102
f 1958 2102 1959
f 1959 2102 2103
f 1959 2103 1960
f 1960 2103 2104
f 1960 2104 1961
f 1961 2104 2105
f 1961 2105 1962
f 1962 2105 2106
f 1962 2106 1963
f 1963 2106 2107
f 1963 2107 1964
f 1964 2107 2108
f 1964 2108 1965
f 1965 2108 2109
f 1965 2109 1966
f 1966 2109 2110
f 1966 2110 1967
f 1967 2110 2111
f 1967 2111 1968
f 1968 2111 2112
f 1968 2112 1969
f 1969 2112 2113
f 1969 2113 1970
f 1970 2113 2114
f 1970 2114 1971
f 1971 2114 2115
f 1971 2115 1972
f 1972 2115 2116
f 1972 2116 1973
f 1973 2116 2117
f 1973 2117 1974
f 1974 2117 2118
f 1974 2118 1975
f 1975 2118 2119
f 1975 2119 1976
f 1976 2119 2120
f 1976 2120 1977
f 1977 2120 2121
f 1977 2121 1978
f 1978 2121 2122
f 1978 2122 1979
f 1979 2122 2123
f 1979 2123 1980
f 1980 2123 2124
f 1980 2124 1981
f 1981 2124 2125
f 1981 2125 1982
f 1982 2125 2126
f 1982 2126 1983
f 1983 2126 2127
f 1983 2127 1984
f 1984 2127 2128
f 1984 2128 1985
f 1985 2128 2129
f 1985 2129 1986
f 1986 2129 2130
f 1986 2130 1987
f 1987 2130 2131
f 1987 2131 1988
f 1988 2131 2132
f 1988 2132 1989
f 1989 2132 2133
f 1989 2133 1990
f 1990 2133 2134
f 1990 2134 1991
f 1991 2134 2135
f 1991 2135 1992
f 1992 2135 2136
f 1992 2136 1993
f 1993 2136 2137
f 1993 2137 1994
f 1994 2137 2138
f 1994 2138 1995
f 1995 2138 2139
f 1995 2139 1996
f 1996 2139 2140
f 1996 2140 1997
f 1997 2140 2141
f 1997 2141 1998
f 1998 2141 2142
f 1998 2142 1999
f 1999 2142 2143
f 1999 2143 2000
f 2000 2143 2144
f 2000 2144 2001
f 2001 2144 2145
f 2001 2145 2002
f 2002 2145 2146
f 2002 2146 2003
f 2003 2146 2147
f 2003 2147 2004
f 2004 2147 2148
f 2004 2148 2005
f 2005 2148 2149
f 2005 2149 2006
f 2006 2149 2150
f 2006 2150 2007
f 2007 2150 2151
f 2007 2151 2008
f 2008 2151 2152
f 2008 2152 2009
f 2009 2152 2153
f 2009 2153 2010
f 2010 2153 2154
f 2010 2154 2011
f 2011 2154 2155
f 2011 2155 2012
f 2012 2155 2156
f 2012 2156 1870
f 1870 2156 2013
